NAME;LON;LAT;DATE;TMIN;TMAX;HUMIN;HUMAX;HU;T;WEATHER;WD;WS
Padalarang;107.4876940990033;-6.831381937278132;2023-12-30 00:00:00;;;;;80;22;1;E;10
Padalarang;107.4876940990033;-6.831381937278132;2023-12-30 03:00:00;;;;;75;28;95;E;10
Padalarang;107.4876940990033;-6.831381937278132;2023-12-30 06:00:00;;;;;75;30;95;E;30
Padalarang;107.4876940990033;-6.831381937278132;2023-12-30 09:00:00;;;;;80;25;95;E;20
Padalarang;107.4876940990033;-6.831381937278132;2023-12-30 12:00:00;20.0;30.0;75.0;95.0;85;23;61;E;10
Padalarang;107.4876940990033;-6.831381937278132;2023-12-30 15:00:00;;;;;85;21;3;E;0
Padalarang;107.4876940990033;-6.831381937278132;2023-12-30 18:00:00;;;;;95;20;3;E;0
Padalarang;107.4876940990033;-6.831381937278132;2023-12-30 21:00:00;;;;;95;20;3;E;0
Padalarang;107.4876940990033;-6.831381937278132;2023-12-31 00:00:00;;;;;90;22;1;E;0
Padalarang;107.4876940990033;-6.831381937278132;2023-12-31 03:00:00;;;;;80;29;3;E;20
Padalarang;107.4876940990033;-6.831381937278132;2023-12-31 06:00:00;;;;;75;31;95;E;30
Padalarang;107.4876940990033;-6.831381937278132;2023-12-31 09:00:00;;;;;85;27;95;E;20
Padalarang;107.4876940990033;-6.831381937278132;2023-12-31 12:00:00;20.0;31.0;75.0;95.0;85;23;60;E;0
Padalarang;107.4876940990033;-6.831381937278132;2023-12-31 15:00:00;;;;;95;20;61;E;0
Padalarang;107.4876940990033;-6.831381937278132;2023-12-31 18:00:00;;;;;95;21;3;E;0
Padalarang;107.4876940990033;-6.831381937278132;2023-12-31 21:00:00;;;;;95;20;3;E;0
Padalarang;107.4876940990033;-6.831381937278132;2024-01-01 00:00:00;;;;;80;25;1;E;0
Padalarang;107.4876940990033;-6.831381937278132;2024-01-01 03:00:00;;;;;80;27;61;E;10
Padalarang;107.4876940990033;-6.831381937278132;2024-01-01 06:00:00;;;;;55;28;63;E;30
Padalarang;107.4876940990033;-6.831381937278132;2024-01-01 09:00:00;;;;;80;26;61;E;0
Padalarang;107.4876940990033;-6.831381937278132;2024-01-01 12:00:00;18.0;28.0;55.0;95.0;95;23;61;E;0
Padalarang;107.4876940990033;-6.831381937278132;2024-01-01 15:00:00;;;;;95;18;3;E;0
Padalarang;107.4876940990033;-6.831381937278132;2024-01-01 18:00:00;;;;;95;18;3;E;0
Padalarang;107.4876940990033;-6.831381937278132;2024-01-01 21:00:00;;;;;95;18;3;E;0
Padalarang;107.4876940990033;-6.831381937278132;2024-01-02 00:00:00;;;;;80;24;1;E;0
Padalarang;107.4876940990033;-6.831381937278132;2024-01-02 06:00:00;;;;;75;30;63;E;30
Padalarang;107.4876940990033;-6.831381937278132;2024-01-02 12:00:00;23.0;30.0;75.0;95.0;90;24;3;E;0
Padalarang;107.4876940990033;-6.831381937278132;2024-01-02 18:00:00;;;;;95;23;3;E;0
Padalarang;107.4876940990033;-6.831381937278132;2024-01-03 00:00:00;;;;;80;23;1;E;0
Padalarang;107.4876940990033;-6.831381937278132;2024-01-03 06:00:00;;;;;75;30;63;E;30
Padalarang;107.4876940990033;-6.831381937278132;2024-01-03 12:00:00;23.0;30.0;75.0;95.0;90;24;3;E;0
Padalarang;107.4876940990033;-6.831381937278132;2024-01-03 18:00:00;;;;;95;24;3;E;0
Padalarang;107.4876940990033;-6.831381937278132;2024-01-04 00:00:00;;;;;85;24;1;E;0
Padalarang;107.4876940990033;-6.831381937278132;2024-01-04 06:00:00;;;;;75;31;63;E;30
Padalarang;107.4876940990033;-6.831381937278132;2024-01-04 12:00:00;22.0;31.0;75.0;95.0;95;24;3;E;0
Padalarang;107.4876940990033;-6.831381937278132;2024-01-04 18:00:00;;;;;95;22;3;E;0
Padalarang;107.4876940990033;-6.831381937278132;2024-01-05 00:00:00;;;;;85;22;1;E;0
Padalarang;107.4876940990033;-6.831381937278132;2024-01-05 06:00:00;;;;;90;30;63;E;20
Padalarang;107.4876940990033;-6.831381937278132;2024-01-05 12:00:00;22.0;30.0;85.0;95.0;90;23;3;E;0
Padalarang;107.4876940990033;-6.831381937278132;2024-01-05 18:00:00;;;;;95;22;3;E;0
Cimahi Tengah;107.51880142051368;-6.875980787682956;2023-12-30 00:00:00;;;;;80;22;1;E;10
Cimahi Tengah;107.51880142051368;-6.875980787682956;2023-12-30 03:00:00;;;;;75;28;95;E;10
Cimahi Tengah;107.51880142051368;-6.875980787682956;2023-12-30 06:00:00;;;;;75;30;95;E;30
Cimahi Tengah;107.51880142051368;-6.875980787682956;2023-12-30 09:00:00;;;;;80;25;95;E;20
Cimahi Tengah;107.51880142051368;-6.875980787682956;2023-12-30 12:00:00;20.0;30.0;75.0;95.0;85;23;61;E;10
Cimahi Tengah;107.51880142051368;-6.875980787682956;2023-12-30 15:00:00;;;;;85;21;3;E;0
Cimahi Tengah;107.51880142051368;-6.875980787682956;2023-12-30 18:00:00;;;;;95;20;3;E;0
Cimahi Tengah;107.51880142051368;-6.875980787682956;2023-12-30 21:00:00;;;;;95;20;3;E;0
Cimahi Tengah;107.51880142051368;-6.875980787682956;2023-12-31 00:00:00;;;;;90;22;1;E;0
Cimahi Tengah;107.51880142051368;-6.875980787682956;2023-12-31 03:00:00;;;;;80;29;3;E;20
Cimahi Tengah;107.51880142051368;-6.875980787682956;2023-12-31 06:00:00;;;;;75;31;95;E;30
Cimahi Tengah;107.51880142051368;-6.875980787682956;2023-12-31 09:00:00;;;;;85;27;95;E;20
Cimahi Tengah;107.51880142051368;-6.875980787682956;2023-12-31 12:00:00;20.0;31.0;75.0;95.0;85;23;60;E;0
Cimahi Tengah;107.51880142051368;-6.875980787682956;2023-12-31 15:00:00;;;;;95;20;61;E;0
Cimahi Tengah;107.51880142051368;-6.875980787682956;2023-12-31 18:00:00;;;;;95;21;3;E;0
Cimahi Tengah;107.51880142051368;-6.875980787682956;2023-12-31 21:00:00;;;;;95;20;3;E;0
Cimahi Tengah;107.51880142051368;-6.875980787682956;2024-01-01 00:00:00;;;;;80;25;1;E;0
Cimahi Tengah;107.51880142051368;-6.875980787682956;2024-01-01 03:00:00;;;;;80;27;61;E;10
Cimahi Tengah;107.51880142051368;-6.875980787682956;2024-01-01 06:00:00;;;;;55;28;63;E;30
Cimahi Tengah;107.51880142051368;-6.875980787682956;2024-01-01 09:00:00;;;;;80;26;61;E;0
Cimahi Tengah;107.51880142051368;-6.875980787682956;2024-01-01 12:00:00;18.0;28.0;55.0;95.0;95;23;61;E;0
Cimahi Tengah;107.51880142051368;-6.875980787682956;2024-01-01 15:00:00;;;;;95;18;3;E;0
Cimahi Tengah;107.51880142051368;-6.875980787682956;2024-01-01 18:00:00;;;;;95;18;3;E;0
Cimahi Tengah;107.51880142051368;-6.875980787682956;2024-01-01 21:00:00;;;;;95;18;3;E;0
Cimahi Tengah;107.51880142051368;-6.875980787682956;2024-01-02 00:00:00;;;;;80;24;1;E;0
Cimahi Tengah;107.51880142051368;-6.875980787682956;2024-01-02 06:00:00;;;;;75;30;63;E;30
Cimahi Tengah;107.51880142051368;-6.875980787682956;2024-01-02 12:00:00;23.0;30.0;75.0;95.0;90;24;3;E;0
Cimahi Tengah;107.51880142051368;-6.875980787682956;2024-01-02 18:00:00;;;;;95;23;3;E;0
Cimahi Tengah;107.51880142051368;-6.875980787682956;2024-01-03 00:00:00;;;;;80;23;1;E;0
Cimahi Tengah;107.51880142051368;-6.875980787682956;2024-01-03 06:00:00;;;;;75;30;63;E;30
Cimahi Tengah;107.51880142051368;-6.875980787682956;2024-01-03 12:00:00;23.0;30.0;75.0;95.0;90;24;3;E;0
Cimahi Tengah;107.51880142051368;-6.875980787682956;2024-01-03 18:00:00;;;;;95;24;3;E;0
Cimahi Tengah;107.51880142051368;-6.875980787682956;2024-01-04 00:00:00;;;;;85;24;1;E;0
Cimahi Tengah;107.51880142051368;-6.875980787682956;2024-01-04 06:00:00;;;;;75;31;63;E;30
Cimahi Tengah;107.51880142051368;-6.875980787682956;2024-01-04 12:00:00;22.0;31.0;75.0;95.0;95;24;3;E;0
Cimahi Tengah;107.51880142051368;-6.875980787682956;2024-01-04 18:00:00;;;;;95;22;3;E;0
Cimahi Tengah;107.51880142051368;-6.875980787682956;2024-01-05 00:00:00;;;;;85;22;1;E;0
Cimahi Tengah;107.51880142051368;-6.875980787682956;2024-01-05 06:00:00;;;;;90;30;63;E;20
Cimahi Tengah;107.51880142051368;-6.875980787682956;2024-01-05 12:00:00;22.0;30.0;85.0;95.0;90;23;3;E;0
Cimahi Tengah;107.51880142051368;-6.875980787682956;2024-01-05 18:00:00;;;;;95;22;3;E;0
Gedebage;107.70199270996326;-6.970279269974214;2023-12-30 00:00:00;;;;;80;22;1;E;10
Gedebage;107.70199270996326;-6.970279269974214;2023-12-30 03:00:00;;;;;75;28;95;E;10
Gedebage;107.70199270996326;-6.970279269974214;2023-12-30 06:00:00;;;;;75;30;95;E;30
Gedebage;107.70199270996326;-6.970279269974214;2023-12-30 09:00:00;;;;;80;25;61;E;20
Gedebage;107.70199270996326;-6.970279269974214;2023-12-30 12:00:00;20.0;30.0;75.0;95.0;85;23;61;E;10
Gedebage;107.70199270996326;-6.970279269974214;2023-12-30 15:00:00;;;;;85;21;3;E;0
Gedebage;107.70199270996326;-6.970279269974214;2023-12-30 18:00:00;;;;;95;20;3;E;0
Gedebage;107.70199270996326;-6.970279269974214;2023-12-30 21:00:00;;;;;95;20;3;E;0
Gedebage;107.70199270996326;-6.970279269974214;2023-12-31 00:00:00;;;;;90;23;1;E;0
Gedebage;107.70199270996326;-6.970279269974214;2023-12-31 03:00:00;;;;;80;29;3;E;20
Gedebage;107.70199270996326;-6.970279269974214;2023-12-31 06:00:00;;;;;75;33;95;E;30
Gedebage;107.70199270996326;-6.970279269974214;2023-12-31 09:00:00;;;;;85;27;95;E;20
Gedebage;107.70199270996326;-6.970279269974214;2023-12-31 12:00:00;20.0;33.0;75.0;95.0;85;23;60;E;0
Gedebage;107.70199270996326;-6.970279269974214;2023-12-31 15:00:00;;;;;95;20;61;E;0
Gedebage;107.70199270996326;-6.970279269974214;2023-12-31 18:00:00;;;;;95;21;3;E;0
Gedebage;107.70199270996326;-6.970279269974214;2023-12-31 21:00:00;;;;;95;20;3;E;0
Gedebage;107.70199270996326;-6.970279269974214;2024-01-01 00:00:00;;;;;80;25;1;E;0
Gedebage;107.70199270996326;-6.970279269974214;2024-01-01 03:00:00;;;;;80;27;61;E;10
Gedebage;107.70199270996326;-6.970279269974214;2024-01-01 06:00:00;;;;;55;29;63;E;30
Gedebage;107.70199270996326;-6.970279269974214;2024-01-01 09:00:00;;;;;80;26;61;E;0
Gedebage;107.70199270996326;-6.970279269974214;2024-01-01 12:00:00;18.0;29.0;55.0;95.0;95;23;61;E;0
Gedebage;107.70199270996326;-6.970279269974214;2024-01-01 15:00:00;;;;;95;18;3;E;0
Gedebage;107.70199270996326;-6.970279269974214;2024-01-01 18:00:00;;;;;95;18;3;E;0
Gedebage;107.70199270996326;-6.970279269974214;2024-01-01 21:00:00;;;;;95;19;3;E;0
Gedebage;107.70199270996326;-6.970279269974214;2024-01-02 00:00:00;;;;;80;24;1;E;0
Gedebage;107.70199270996326;-6.970279269974214;2024-01-02 06:00:00;;;;;75;30;63;E;30
Gedebage;107.70199270996326;-6.970279269974214;2024-01-02 12:00:00;23.0;30.0;75.0;95.0;90;24;3;E;0
Gedebage;107.70199270996326;-6.970279269974214;2024-01-02 18:00:00;;;;;95;23;3;E;0
Gedebage;107.70199270996326;-6.970279269974214;2024-01-03 00:00:00;;;;;80;23;1;E;0
Gedebage;107.70199270996326;-6.970279269974214;2024-01-03 06:00:00;;;;;75;30;63;E;30
Gedebage;107.70199270996326;-6.970279269974214;2024-01-03 12:00:00;23.0;30.0;75.0;95.0;90;24;3;E;0
Gedebage;107.70199270996326;-6.970279269974214;2024-01-03 18:00:00;;;;;95;24;3;E;0
Gedebage;107.70199270996326;-6.970279269974214;2024-01-04 00:00:00;;;;;85;24;1;E;0
Gedebage;107.70199270996326;-6.970279269974214;2024-01-04 06:00:00;;;;;75;31;63;E;30
Gedebage;107.70199270996326;-6.970279269974214;2024-01-04 12:00:00;22.0;31.0;75.0;95.0;95;24;3;E;0
Gedebage;107.70199270996326;-6.970279269974214;2024-01-04 18:00:00;;;;;95;22;3;E;0
Gedebage;107.70199270996326;-6.970279269974214;2024-01-05 00:00:00;;;;;85;22;1;E;0
Gedebage;107.70199270996326;-6.970279269974214;2024-01-05 06:00:00;;;;;90;30;63;E;20
Gedebage;107.70199270996326;-6.970279269974214;2024-01-05 12:00:00;22.0;30.0;85.0;95.0;90;23;3;E;0
Gedebage;107.70199270996326;-6.970279269974214;2024-01-05 18:00:00;;;;;95;22;3;E;0
Cikalongwetan;107.43152880634769;-6.771660059155639;2023-12-30 00:00:00;;;;;75;26;1;E;10
Cikalongwetan;107.43152880634769;-6.771660059155639;2023-12-30 03:00:00;;;;;70;30;95;E;10
Cikalongwetan;107.43152880634769;-6.771660059155639;2023-12-30 06:00:00;;;;;70;33;63;E;30
Cikalongwetan;107.43152880634769;-6.771660059155639;2023-12-30 09:00:00;;;;;75;27;95;E;20
Cikalongwetan;107.43152880634769;-6.771660059155639;2023-12-30 12:00:00;23.0;33.0;70.0;95.0;75;25;61;E;10
Cikalongwetan;107.43152880634769;-6.771660059155639;2023-12-30 15:00:00;;;;;70;25;3;E;0
Cikalongwetan;107.43152880634769;-6.771660059155639;2023-12-30 18:00:00;;;;;95;23;3;E;0
Cikalongwetan;107.43152880634769;-6.771660059155639;2023-12-30 21:00:00;;;;;95;23;3;E;0
Cikalongwetan;107.43152880634769;-6.771660059155639;2023-12-31 00:00:00;;;;;75;25;1;E;0
Cikalongwetan;107.43152880634769;-6.771660059155639;2023-12-31 03:00:00;;;;;75;30;3;E;20
Cikalongwetan;107.43152880634769;-6.771660059155639;2023-12-31 06:00:00;;;;;65;35;63;E;30
Cikalongwetan;107.43152880634769;-6.771660059155639;2023-12-31 09:00:00;;;;;80;30;63;E;20
Cikalongwetan;107.43152880634769;-6.771660059155639;2023-12-31 12:00:00;23.0;35.0;65.0;95.0;80;25;61;E;0
Cikalongwetan;107.43152880634769;-6.771660059155639;2023-12-31 15:00:00;;;;;95;26;61;E;0
Cikalongwetan;107.43152880634769;-6.771660059155639;2023-12-31 18:00:00;;;;;95;24;61;E;0
Cikalongwetan;107.43152880634769;-6.771660059155639;2023-12-31 21:00:00;;;;;95;23;3;E;0
Cikalongwetan;107.43152880634769;-6.771660059155639;2024-01-01 00:00:00;;;;;75;26;1;E;0
Cikalongwetan;107.43152880634769;-6.771660059155639;2024-01-01 03:00:00;;;;;70;30;60;E;10
Cikalongwetan;107.43152880634769;-6.771660059155639;2024-01-01 06:00:00;;;;;55;35;95;E;30
Cikalongwetan;107.43152880634769;-6.771660059155639;2024-01-01 09:00:00;;;;;60;28;61;E;0
Cikalongwetan;107.43152880634769;-6.771660059155639;2024-01-01 12:00:00;23.0;35.0;55.0;95.0;90;27;61;E;0
Cikalongwetan;107.43152880634769;-6.771660059155639;2024-01-01 15:00:00;;;;;95;26;3;E;0
Cikalongwetan;107.43152880634769;-6.771660059155639;2024-01-01 18:00:00;;;;;95;24;3;E;0
Cikalongwetan;107.43152880634769;-6.771660059155639;2024-01-01 21:00:00;;;;;95;23;3;E;0
Cikalongwetan;107.43152880634769;-6.771660059155639;2024-01-02 00:00:00;;;;;80;24;1;E;0
Cikalongwetan;107.43152880634769;-6.771660059155639;2024-01-02 06:00:00;;;;;75;30;63;E;30
Cikalongwetan;107.43152880634769;-6.771660059155639;2024-01-02 12:00:00;23.0;30.0;75.0;95.0;90;24;3;E;0
Cikalongwetan;107.43152880634769;-6.771660059155639;2024-01-02 18:00:00;;;;;95;23;3;E;0
Cikalongwetan;107.43152880634769;-6.771660059155639;2024-01-03 00:00:00;;;;;80;23;1;E;0
Cikalongwetan;107.43152880634769;-6.771660059155639;2024-01-03 06:00:00;;;;;75;30;63;E;30
Cikalongwetan;107.43152880634769;-6.771660059155639;2024-01-03 12:00:00;23.0;30.0;75.0;95.0;90;24;3;E;0
Cikalongwetan;107.43152880634769;-6.771660059155639;2024-01-03 18:00:00;;;;;95;24;3;E;0
Cikalongwetan;107.43152880634769;-6.771660059155639;2024-01-04 00:00:00;;;;;85;24;1;E;0
Cikalongwetan;107.43152880634769;-6.771660059155639;2024-01-04 06:00:00;;;;;75;31;63;E;30
Cikalongwetan;107.43152880634769;-6.771660059155639;2024-01-04 12:00:00;22.0;31.0;75.0;95.0;95;24;3;E;0
Cikalongwetan;107.43152880634769;-6.771660059155639;2024-01-04 18:00:00;;;;;95;22;3;E;0
Cikalongwetan;107.43152880634769;-6.771660059155639;2024-01-05 00:00:00;;;;;85;22;1;E;0
Cikalongwetan;107.43152880634769;-6.771660059155639;2024-01-05 06:00:00;;;;;90;30;63;E;20
Cikalongwetan;107.43152880634769;-6.771660059155639;2024-01-05 12:00:00;22.0;30.0;85.0;95.0;90;23;3;E;0
Cikalongwetan;107.43152880634769;-6.771660059155639;2024-01-05 18:00:00;;;;;95;22;3;E;0
Sukatani;107.407062515771;-6.597862106349128;2023-12-30 00:00:00;;;;;75;26;1;E;10
Sukatani;107.407062515771;-6.597862106349128;2023-12-30 03:00:00;;;;;70;30;95;E;10
Sukatani;107.407062515771;-6.597862106349128;2023-12-30 06:00:00;;;;;70;33;63;E;30
Sukatani;107.407062515771;-6.597862106349128;2023-12-30 09:00:00;;;;;75;27;95;E;20
Sukatani;107.407062515771;-6.597862106349128;2023-12-30 12:00:00;23.0;33.0;70.0;95.0;75;25;61;E;10
Sukatani;107.407062515771;-6.597862106349128;2023-12-30 15:00:00;;;;;70;25;3;E;0
Sukatani;107.407062515771;-6.597862106349128;2023-12-30 18:00:00;;;;;95;23;3;E;0
Sukatani;107.407062515771;-6.597862106349128;2023-12-30 21:00:00;;;;;95;23;3;E;0
Sukatani;107.407062515771;-6.597862106349128;2023-12-31 00:00:00;;;;;75;25;1;E;0
Sukatani;107.407062515771;-6.597862106349128;2023-12-31 03:00:00;;;;;75;30;3;E;20
Sukatani;107.407062515771;-6.597862106349128;2023-12-31 06:00:00;;;;;65;35;63;E;30
Sukatani;107.407062515771;-6.597862106349128;2023-12-31 09:00:00;;;;;80;30;63;E;20
Sukatani;107.407062515771;-6.597862106349128;2023-12-31 12:00:00;23.0;35.0;65.0;95.0;80;25;61;E;0
Sukatani;107.407062515771;-6.597862106349128;2023-12-31 15:00:00;;;;;95;26;61;E;0
Sukatani;107.407062515771;-6.597862106349128;2023-12-31 18:00:00;;;;;95;24;61;E;0
Sukatani;107.407062515771;-6.597862106349128;2023-12-31 21:00:00;;;;;95;23;3;E;0
Sukatani;107.407062515771;-6.597862106349128;2024-01-01 00:00:00;;;;;75;26;1;E;0
Sukatani;107.407062515771;-6.597862106349128;2024-01-01 03:00:00;;;;;70;30;60;E;10
Sukatani;107.407062515771;-6.597862106349128;2024-01-01 06:00:00;;;;;55;35;95;E;30
Sukatani;107.407062515771;-6.597862106349128;2024-01-01 09:00:00;;;;;60;28;61;E;0
Sukatani;107.407062515771;-6.597862106349128;2024-01-01 12:00:00;23.0;35.0;55.0;95.0;90;27;61;E;0
Sukatani;107.407062515771;-6.597862106349128;2024-01-01 15:00:00;;;;;95;26;3;E;0
Sukatani;107.407062515771;-6.597862106349128;2024-01-01 18:00:00;;;;;95;24;3;E;0
Sukatani;107.407062515771;-6.597862106349128;2024-01-01 21:00:00;;;;;95;23;3;E;0
Sukatani;107.407062515771;-6.597862106349128;2024-01-02 00:00:00;;;;;80;24;1;E;0
Sukatani;107.407062515771;-6.597862106349128;2024-01-02 06:00:00;;;;;75;30;63;E;30
Sukatani;107.407062515771;-6.597862106349128;2024-01-02 12:00:00;23.0;30.0;75.0;95.0;90;24;3;E;0
Sukatani;107.407062515771;-6.597862106349128;2024-01-02 18:00:00;;;;;95;23;3;E;0
Sukatani;107.407062515771;-6.597862106349128;2024-01-03 00:00:00;;;;;80;23;1;E;0
Sukatani;107.407062515771;-6.597862106349128;2024-01-03 06:00:00;;;;;75;30;63;E;30
Sukatani;107.407062515771;-6.597862106349128;2024-01-03 12:00:00;23.0;30.0;75.0;95.0;90;24;3;E;0
Sukatani;107.407062515771;-6.597862106349128;2024-01-03 18:00:00;;;;;95;24;3;E;0
Sukatani;107.407062515771;-6.597862106349128;2024-01-04 00:00:00;;;;;85;24;1;E;0
Sukatani;107.407062515771;-6.597862106349128;2024-01-04 06:00:00;;;;;75;31;63;E;30
Sukatani;107.407062515771;-6.597862106349128;2024-01-04 12:00:00;22.0;31.0;75.0;95.0;95;24;3;E;0
Sukatani;107.407062515771;-6.597862106349128;2024-01-04 18:00:00;;;;;95;22;3;E;0
Sukatani;107.407062515771;-6.597862106349128;2024-01-05 00:00:00;;;;;85;22;1;E;0
Sukatani;107.407062515771;-6.597862106349128;2024-01-05 06:00:00;;;;;90;30;63;E;20
Sukatani;107.407062515771;-6.597862106349128;2024-01-05 12:00:00;22.0;30.0;85.0;95.0;90;23;3;E;0
Sukatani;107.407062515771;-6.597862106349128;2024-01-05 18:00:00;;;;;95;22;3;E;0
Cikalongwetan;107.40751726799049;-6.7196635705208925;2023-12-30 00:00:00;;;;;75;26;1;E;10
Cikalongwetan;107.40751726799049;-6.7196635705208925;2023-12-30 03:00:00;;;;;70;30;95;E;10
Cikalongwetan;107.40751726799049;-6.7196635705208925;2023-12-30 06:00:00;;;;;70;33;63;E;30
Cikalongwetan;107.40751726799049;-6.7196635705208925;2023-12-30 09:00:00;;;;;75;27;95;E;20
Cikalongwetan;107.40751726799049;-6.7196635705208925;2023-12-30 12:00:00;23.0;33.0;70.0;95.0;75;25;61;E;10
Cikalongwetan;107.40751726799049;-6.7196635705208925;2023-12-30 15:00:00;;;;;70;25;3;E;0
Cikalongwetan;107.40751726799049;-6.7196635705208925;2023-12-30 18:00:00;;;;;95;23;3;E;0
Cikalongwetan;107.40751726799049;-6.7196635705208925;2023-12-30 21:00:00;;;;;95;23;3;E;0
Cikalongwetan;107.40751726799049;-6.7196635705208925;2023-12-31 00:00:00;;;;;75;25;1;E;0
Cikalongwetan;107.40751726799049;-6.7196635705208925;2023-12-31 03:00:00;;;;;75;30;3;E;20
Cikalongwetan;107.40751726799049;-6.7196635705208925;2023-12-31 06:00:00;;;;;65;35;63;E;30
Cikalongwetan;107.40751726799049;-6.7196635705208925;2023-12-31 09:00:00;;;;;80;30;63;E;20
Cikalongwetan;107.40751726799049;-6.7196635705208925;2023-12-31 12:00:00;23.0;35.0;65.0;95.0;80;25;61;E;0
Cikalongwetan;107.40751726799049;-6.7196635705208925;2023-12-31 15:00:00;;;;;95;26;61;E;0
Cikalongwetan;107.40751726799049;-6.7196635705208925;2023-12-31 18:00:00;;;;;95;24;61;E;0
Cikalongwetan;107.40751726799049;-6.7196635705208925;2023-12-31 21:00:00;;;;;95;23;3;E;0
Cikalongwetan;107.40751726799049;-6.7196635705208925;2024-01-01 00:00:00;;;;;75;26;1;E;0
Cikalongwetan;107.40751726799049;-6.7196635705208925;2024-01-01 03:00:00;;;;;70;30;60;E;10
Cikalongwetan;107.40751726799049;-6.7196635705208925;2024-01-01 06:00:00;;;;;55;35;95;E;30
Cikalongwetan;107.40751726799049;-6.7196635705208925;2024-01-01 09:00:00;;;;;60;28;61;E;0
Cikalongwetan;107.40751726799049;-6.7196635705208925;2024-01-01 12:00:00;23.0;35.0;55.0;95.0;90;27;61;E;0
Cikalongwetan;107.40751726799049;-6.7196635705208925;2024-01-01 15:00:00;;;;;95;26;3;E;0
Cikalongwetan;107.40751726799049;-6.7196635705208925;2024-01-01 18:00:00;;;;;95;24;3;E;0
Cikalongwetan;107.40751726799049;-6.7196635705208925;2024-01-01 21:00:00;;;;;95;23;3;E;0
Cikalongwetan;107.40751726799049;-6.7196635705208925;2024-01-02 00:00:00;;;;;80;24;1;E;0
Cikalongwetan;107.40751726799049;-6.7196635705208925;2024-01-02 06:00:00;;;;;75;30;63;E;30
Cikalongwetan;107.40751726799049;-6.7196635705208925;2024-01-02 12:00:00;23.0;30.0;75.0;95.0;90;24;3;E;0
Cikalongwetan;107.40751726799049;-6.7196635705208925;2024-01-02 18:00:00;;;;;95;23;3;E;0
Cikalongwetan;107.40751726799049;-6.7196635705208925;2024-01-03 00:00:00;;;;;80;23;1;E;0
Cikalongwetan;107.40751726799049;-6.7196635705208925;2024-01-03 06:00:00;;;;;75;30;63;E;30
Cikalongwetan;107.40751726799049;-6.7196635705208925;2024-01-03 12:00:00;23.0;30.0;75.0;95.0;90;24;3;E;0
Cikalongwetan;107.40751726799049;-6.7196635705208925;2024-01-03 18:00:00;;;;;95;24;3;E;0
Cikalongwetan;107.40751726799049;-6.7196635705208925;2024-01-04 00:00:00;;;;;85;24;1;E;0
Cikalongwetan;107.40751726799049;-6.7196635705208925;2024-01-04 06:00:00;;;;;75;31;63;E;30
Cikalongwetan;107.40751726799049;-6.7196635705208925;2024-01-04 12:00:00;22.0;31.0;75.0;95.0;95;24;3;E;0
Cikalongwetan;107.40751726799049;-6.7196635705208925;2024-01-04 18:00:00;;;;;95;22;3;E;0
Cikalongwetan;107.40751726799049;-6.7196635705208925;2024-01-05 00:00:00;;;;;85;22;1;E;0
Cikalongwetan;107.40751726799049;-6.7196635705208925;2024-01-05 06:00:00;;;;;90;30;63;E;20
Cikalongwetan;107.40751726799049;-6.7196635705208925;2024-01-05 12:00:00;22.0;30.0;85.0;95.0;90;23;3;E;0
Cikalongwetan;107.40751726799049;-6.7196635705208925;2024-01-05 18:00:00;;;;;95;22;3;E;0
Tambun selatan;107.03917019533992;-6.27072394119741;2023-12-30 00:00:00;;;;;80;25;1;E;10
Tambun selatan;107.03917019533992;-6.27072394119741;2023-12-30 03:00:00;;;;;70;30;61;E;10
Tambun selatan;107.03917019533992;-6.27072394119741;2023-12-30 06:00:00;;;;;75;33;95;E;30
Tambun selatan;107.03917019533992;-6.27072394119741;2023-12-30 09:00:00;;;;;75;27;95;E;20
Tambun selatan;107.03917019533992;-6.27072394119741;2023-12-30 12:00:00;21.0;33.0;70.0;95.0;80;25;61;E;10
Tambun selatan;107.03917019533992;-6.27072394119741;2023-12-30 15:00:00;;;;;70;24;3;E;0
Tambun selatan;107.03917019533992;-6.27072394119741;2023-12-30 18:00:00;;;;;95;21;3;E;0
Tambun selatan;107.03917019533992;-6.27072394119741;2023-12-30 21:00:00;;;;;95;23;60;E;0
Tambun selatan;107.03917019533992;-6.27072394119741;2023-12-31 00:00:00;;;;;75;25;1;E;0
Tambun selatan;107.03917019533992;-6.27072394119741;2023-12-31 03:00:00;;;;;75;30;3;E;20
Tambun selatan;107.03917019533992;-6.27072394119741;2023-12-31 06:00:00;;;;;65;33;61;E;30
Tambun selatan;107.03917019533992;-6.27072394119741;2023-12-31 09:00:00;;;;;80;30;61;E;20
Tambun selatan;107.03917019533992;-6.27072394119741;2023-12-31 12:00:00;24.0;33.0;65.0;95.0;80;25;61;E;0
Tambun selatan;107.03917019533992;-6.27072394119741;2023-12-31 15:00:00;;;;;95;26;61;E;0
Tambun selatan;107.03917019533992;-6.27072394119741;2023-12-31 18:00:00;;;;;95;24;3;E;0
Tambun selatan;107.03917019533992;-6.27072394119741;2023-12-31 21:00:00;;;;;95;24;3;E;0
Tambun selatan;107.03917019533992;-6.27072394119741;2024-01-01 00:00:00;;;;;80;26;1;E;0
Tambun selatan;107.03917019533992;-6.27072394119741;2024-01-01 03:00:00;;;;;70;30;60;E;10
Tambun selatan;107.03917019533992;-6.27072394119741;2024-01-01 06:00:00;;;;;55;35;60;E;30
Tambun selatan;107.03917019533992;-6.27072394119741;2024-01-01 09:00:00;;;;;60;28;61;E;0
Tambun selatan;107.03917019533992;-6.27072394119741;2024-01-01 12:00:00;21.0;35.0;55.0;95.0;90;27;61;E;0
Tambun selatan;107.03917019533992;-6.27072394119741;2024-01-01 15:00:00;;;;;95;24;3;E;0
Tambun selatan;107.03917019533992;-6.27072394119741;2024-01-01 18:00:00;;;;;95;22;3;E;0
Tambun selatan;107.03917019533992;-6.27072394119741;2024-01-01 21:00:00;;;;;95;21;3;E;0
Tambun selatan;107.03917019533992;-6.27072394119741;2024-01-02 00:00:00;;;;;80;24;1;E;0
Tambun selatan;107.03917019533992;-6.27072394119741;2024-01-02 06:00:00;;;;;75;30;63;E;30
Tambun selatan;107.03917019533992;-6.27072394119741;2024-01-02 12:00:00;23.0;30.0;75.0;95.0;90;24;3;E;0
Tambun selatan;107.03917019533992;-6.27072394119741;2024-01-02 18:00:00;;;;;95;23;3;E;0
Tambun selatan;107.03917019533992;-6.27072394119741;2024-01-03 00:00:00;;;;;80;23;1;E;0
Tambun selatan;107.03917019533992;-6.27072394119741;2024-01-03 06:00:00;;;;;75;30;63;E;30
Tambun selatan;107.03917019533992;-6.27072394119741;2024-01-03 12:00:00;23.0;30.0;75.0;95.0;90;24;3;E;0
Tambun selatan;107.03917019533992;-6.27072394119741;2024-01-03 18:00:00;;;;;95;24;3;E;0
Tambun selatan;107.03917019533992;-6.27072394119741;2024-01-04 00:00:00;;;;;85;24;1;E;0
Tambun selatan;107.03917019533992;-6.27072394119741;2024-01-04 06:00:00;;;;;75;31;63;E;30
Tambun selatan;107.03917019533992;-6.27072394119741;2024-01-04 12:00:00;22.0;31.0;75.0;95.0;95;24;3;E;0
Tambun selatan;107.03917019533992;-6.27072394119741;2024-01-04 18:00:00;;;;;95;22;3;E;0
Tambun selatan;107.03917019533992;-6.27072394119741;2024-01-05 00:00:00;;;;;85;22;1;E;0
Tambun selatan;107.03917019533992;-6.27072394119741;2024-01-05 06:00:00;;;;;90;30;63;E;20
Tambun selatan;107.03917019533992;-6.27072394119741;2024-01-05 12:00:00;22.0;30.0;85.0;95.0;90;23;3;E;0
Tambun selatan;107.03917019533992;-6.27072394119741;2024-01-05 18:00:00;;;;;95;22;3;E;0
Cikarang Selatan;107.12147565396378;-6.304839681188385;2023-12-30 00:00:00;;;;;75;26;1;E;10
Cikarang Selatan;107.12147565396378;-6.304839681188385;2023-12-30 03:00:00;;;;;70;30;63;E;10
Cikarang Selatan;107.12147565396378;-6.304839681188385;2023-12-30 06:00:00;;;;;70;33;61;E;30
Cikarang Selatan;107.12147565396378;-6.304839681188385;2023-12-30 09:00:00;;;;;75;27;95;E;20
Cikarang Selatan;107.12147565396378;-6.304839681188385;2023-12-30 12:00:00;24.0;33.0;70.0;95.0;75;25;60;E;10
Cikarang Selatan;107.12147565396378;-6.304839681188385;2023-12-30 15:00:00;;;;;70;26;3;E;0
Cikarang Selatan;107.12147565396378;-6.304839681188385;2023-12-30 18:00:00;;;;;95;24;3;E;0
Cikarang Selatan;107.12147565396378;-6.304839681188385;2023-12-30 21:00:00;;;;;95;25;60;E;0
Cikarang Selatan;107.12147565396378;-6.304839681188385;2023-12-31 00:00:00;;;;;75;26;1;E;0
Cikarang Selatan;107.12147565396378;-6.304839681188385;2023-12-31 03:00:00;;;;;75;30;3;E;20
Cikarang Selatan;107.12147565396378;-6.304839681188385;2023-12-31 06:00:00;;;;;65;35;63;E;30
Cikarang Selatan;107.12147565396378;-6.304839681188385;2023-12-31 09:00:00;;;;;80;30;63;E;20
Cikarang Selatan;107.12147565396378;-6.304839681188385;2023-12-31 12:00:00;24.0;35.0;65.0;95.0;80;25;61;E;0
Cikarang Selatan;107.12147565396378;-6.304839681188385;2023-12-31 15:00:00;;;;;95;26;61;E;0
Cikarang Selatan;107.12147565396378;-6.304839681188385;2023-12-31 18:00:00;;;;;95;24;3;E;0
Cikarang Selatan;107.12147565396378;-6.304839681188385;2023-12-31 21:00:00;;;;;95;25;3;E;0
Cikarang Selatan;107.12147565396378;-6.304839681188385;2024-01-01 00:00:00;;;;;75;26;1;E;0
Cikarang Selatan;107.12147565396378;-6.304839681188385;2024-01-01 03:00:00;;;;;70;30;60;E;10
Cikarang Selatan;107.12147565396378;-6.304839681188385;2024-01-01 06:00:00;;;;;55;35;63;E;30
Cikarang Selatan;107.12147565396378;-6.304839681188385;2024-01-01 09:00:00;;;;;60;29;61;E;0
Cikarang Selatan;107.12147565396378;-6.304839681188385;2024-01-01 12:00:00;23.0;35.0;55.0;95.0;90;27;61;E;0
Cikarang Selatan;107.12147565396378;-6.304839681188385;2024-01-01 15:00:00;;;;;95;26;3;E;0
Cikarang Selatan;107.12147565396378;-6.304839681188385;2024-01-01 18:00:00;;;;;95;24;3;E;0
Cikarang Selatan;107.12147565396378;-6.304839681188385;2024-01-01 21:00:00;;;;;95;23;3;E;0
Cikarang Selatan;107.12147565396378;-6.304839681188385;2024-01-02 00:00:00;;;;;80;24;1;E;0
Cikarang Selatan;107.12147565396378;-6.304839681188385;2024-01-02 06:00:00;;;;;75;30;63;E;30
Cikarang Selatan;107.12147565396378;-6.304839681188385;2024-01-02 12:00:00;23.0;30.0;75.0;95.0;90;24;3;E;0
Cikarang Selatan;107.12147565396378;-6.304839681188385;2024-01-02 18:00:00;;;;;95;23;3;E;0
Cikarang Selatan;107.12147565396378;-6.304839681188385;2024-01-03 00:00:00;;;;;80;23;1;E;0
Cikarang Selatan;107.12147565396378;-6.304839681188385;2024-01-03 06:00:00;;;;;75;30;63;E;30
Cikarang Selatan;107.12147565396378;-6.304839681188385;2024-01-03 12:00:00;23.0;30.0;75.0;95.0;90;24;3;E;0
Cikarang Selatan;107.12147565396378;-6.304839681188385;2024-01-03 18:00:00;;;;;95;24;3;E;0
Cikarang Selatan;107.12147565396378;-6.304839681188385;2024-01-04 00:00:00;;;;;85;24;1;E;0
Cikarang Selatan;107.12147565396378;-6.304839681188385;2024-01-04 06:00:00;;;;;75;31;63;E;30
Cikarang Selatan;107.12147565396378;-6.304839681188385;2024-01-04 12:00:00;22.0;31.0;75.0;95.0;95;24;3;E;0
Cikarang Selatan;107.12147565396378;-6.304839681188385;2024-01-04 18:00:00;;;;;95;22;3;E;0
Cikarang Selatan;107.12147565396378;-6.304839681188385;2024-01-05 00:00:00;;;;;85;22;1;E;0
Cikarang Selatan;107.12147565396378;-6.304839681188385;2024-01-05 06:00:00;;;;;90;30;63;E;20
Cikarang Selatan;107.12147565396378;-6.304839681188385;2024-01-05 12:00:00;22.0;30.0;85.0;95.0;90;23;3;E;0
Cikarang Selatan;107.12147565396378;-6.304839681188385;2024-01-05 18:00:00;;;;;95;22;3;E;0
Cikarang Barat;107.07131776512044;-6.282507034865825;2023-12-30 00:00:00;;;;;75;26;1;E;10
Cikarang Barat;107.07131776512044;-6.282507034865825;2023-12-30 03:00:00;;;;;70;30;61;E;10
Cikarang Barat;107.07131776512044;-6.282507034865825;2023-12-30 06:00:00;;;;;70;33;61;E;30
Cikarang Barat;107.07131776512044;-6.282507034865825;2023-12-30 09:00:00;;;;;75;27;61;E;20
Cikarang Barat;107.07131776512044;-6.282507034865825;2023-12-30 12:00:00;25.0;33.0;70.0;95.0;75;25;61;E;10
Cikarang Barat;107.07131776512044;-6.282507034865825;2023-12-30 15:00:00;;;;;70;26;3;E;0
Cikarang Barat;107.07131776512044;-6.282507034865825;2023-12-30 18:00:00;;;;;95;25;3;E;0
Cikarang Barat;107.07131776512044;-6.282507034865825;2023-12-30 21:00:00;;;;;95;25;60;E;0
Cikarang Barat;107.07131776512044;-6.282507034865825;2023-12-31 00:00:00;;;;;75;26;61;E;0
Cikarang Barat;107.07131776512044;-6.282507034865825;2023-12-31 03:00:00;;;;;75;30;61;E;20
Cikarang Barat;107.07131776512044;-6.282507034865825;2023-12-31 06:00:00;;;;;65;35;63;E;30
Cikarang Barat;107.07131776512044;-6.282507034865825;2023-12-31 09:00:00;;;;;80;30;63;E;20
Cikarang Barat;107.07131776512044;-6.282507034865825;2023-12-31 12:00:00;24.0;35.0;65.0;95.0;80;25;61;E;0
Cikarang Barat;107.07131776512044;-6.282507034865825;2023-12-31 15:00:00;;;;;95;26;61;E;0
Cikarang Barat;107.07131776512044;-6.282507034865825;2023-12-31 18:00:00;;;;;95;24;3;E;0
Cikarang Barat;107.07131776512044;-6.282507034865825;2023-12-31 21:00:00;;;;;95;25;3;E;0
Cikarang Barat;107.07131776512044;-6.282507034865825;2024-01-01 00:00:00;;;;;75;26;1;E;0
Cikarang Barat;107.07131776512044;-6.282507034865825;2024-01-01 03:00:00;;;;;70;30;60;E;10
Cikarang Barat;107.07131776512044;-6.282507034865825;2024-01-01 06:00:00;;;;;55;35;63;E;30
Cikarang Barat;107.07131776512044;-6.282507034865825;2024-01-01 09:00:00;;;;;60;29;61;E;0
Cikarang Barat;107.07131776512044;-6.282507034865825;2024-01-01 12:00:00;22.0;35.0;55.0;95.0;90;27;61;E;0
Cikarang Barat;107.07131776512044;-6.282507034865825;2024-01-01 15:00:00;;;;;95;26;3;E;0
Cikarang Barat;107.07131776512044;-6.282507034865825;2024-01-01 18:00:00;;;;;95;22;3;E;0
Cikarang Barat;107.07131776512044;-6.282507034865825;2024-01-01 21:00:00;;;;;95;23;3;E;0
Cikarang Barat;107.07131776512044;-6.282507034865825;2024-01-02 00:00:00;;;;;80;24;1;E;0
Cikarang Barat;107.07131776512044;-6.282507034865825;2024-01-02 06:00:00;;;;;75;30;63;E;30
Cikarang Barat;107.07131776512044;-6.282507034865825;2024-01-02 12:00:00;23.0;30.0;75.0;95.0;90;24;3;E;0
Cikarang Barat;107.07131776512044;-6.282507034865825;2024-01-02 18:00:00;;;;;95;23;3;E;0
Cikarang Barat;107.07131776512044;-6.282507034865825;2024-01-03 00:00:00;;;;;80;23;1;E;0
Cikarang Barat;107.07131776512044;-6.282507034865825;2024-01-03 06:00:00;;;;;75;30;63;E;30
Cikarang Barat;107.07131776512044;-6.282507034865825;2024-01-03 12:00:00;23.0;30.0;75.0;95.0;90;24;3;E;0
Cikarang Barat;107.07131776512044;-6.282507034865825;2024-01-03 18:00:00;;;;;95;24;3;E;0
Cikarang Barat;107.07131776512044;-6.282507034865825;2024-01-04 00:00:00;;;;;85;24;1;E;0
Cikarang Barat;107.07131776512044;-6.282507034865825;2024-01-04 06:00:00;;;;;75;31;63;E;30
Cikarang Barat;107.07131776512044;-6.282507034865825;2024-01-04 12:00:00;22.0;31.0;75.0;95.0;95;24;3;E;0
Cikarang Barat;107.07131776512044;-6.282507034865825;2024-01-04 18:00:00;;;;;95;22;3;E;0
Cikarang Barat;107.07131776512044;-6.282507034865825;2024-01-05 00:00:00;;;;;85;22;1;E;0
Cikarang Barat;107.07131776512044;-6.282507034865825;2024-01-05 06:00:00;;;;;90;30;63;E;20
Cikarang Barat;107.07131776512044;-6.282507034865825;2024-01-05 12:00:00;22.0;30.0;85.0;95.0;90;23;3;E;0
Cikarang Barat;107.07131776512044;-6.282507034865825;2024-01-05 18:00:00;;;;;95;22;3;E;0
Jatinegara;106.89093312753003;-6.243496821716255;2023-12-30 00:00:00;;;;;100;24;3;E;10
Jatinegara;106.89093312753003;-6.243496821716255;2023-12-30 03:00:00;;;;;75;30;3;E;10
Jatinegara;106.89093312753003;-6.243496821716255;2023-12-30 06:00:00;;;;;85;28;61;N;10
Jatinegara;106.89093312753003;-6.243496821716255;2023-12-30 09:00:00;;;;;85;28;60;N;0
Jatinegara;106.89093312753003;-6.243496821716255;2023-12-30 12:00:00;24.0;30.0;75.0;100.0;90;26;60;SE;10
Jatinegara;106.89093312753003;-6.243496821716255;2023-12-30 15:00:00;;;;;90;25;4;E;10
Jatinegara;106.89093312753003;-6.243496821716255;2023-12-30 18:00:00;;;;;95;25;4;SE;0
Jatinegara;106.89093312753003;-6.243496821716255;2023-12-30 21:00:00;;;;;95;24;3;S;0
Jatinegara;106.89093312753003;-6.243496821716255;2023-12-31 00:00:00;;;;;100;25;3;SW;0
Jatinegara;106.89093312753003;-6.243496821716255;2023-12-31 03:00:00;;;;;80;29;95;N;0
Jatinegara;106.89093312753003;-6.243496821716255;2023-12-31 06:00:00;;;;;85;28;95;N;0
Jatinegara;106.89093312753003;-6.243496821716255;2023-12-31 09:00:00;;;;;80;29;60;NE;0
Jatinegara;106.89093312753003;-6.243496821716255;2023-12-31 12:00:00;23.0;29.0;80.0;100.0;95;26;60;SE;0
Jatinegara;106.89093312753003;-6.243496821716255;2023-12-31 15:00:00;;;;;95;24;60;SE;0
Jatinegara;106.89093312753003;-6.243496821716255;2023-12-31 18:00:00;;;;;100;24;3;SE;0
Jatinegara;106.89093312753003;-6.243496821716255;2023-12-31 21:00:00;;;;;95;23;3;SE;0
Jatinegara;106.89093312753003;-6.243496821716255;2024-01-01 00:00:00;;;;;95;25;3;SE;0
Jatinegara;106.89093312753003;-6.243496821716255;2024-01-01 03:00:00;;;;;75;30;1;N;0
Jatinegara;106.89093312753003;-6.243496821716255;2024-01-01 06:00:00;;;;;70;32;60;N;0
Jatinegara;106.89093312753003;-6.243496821716255;2024-01-01 09:00:00;;;;;80;29;3;W;0
Jatinegara;106.89093312753003;-6.243496821716255;2024-01-01 12:00:00;24.0;32.0;70.0;95.0;90;26;4;E;0
Jatinegara;106.89093312753003;-6.243496821716255;2024-01-01 15:00:00;;;;;95;25;3;SE;0
Jatinegara;106.89093312753003;-6.243496821716255;2024-01-01 18:00:00;;;;;95;24;4;S;0
Jatinegara;106.89093312753003;-6.243496821716255;2024-01-01 21:00:00;;;;;95;24;3;SW;0
Jatinegara;106.89093312753003;-6.243496821716255;2024-01-02 00:00:00;;;;;90;26;60;S;0
Jatinegara;106.89093312753003;-6.243496821716255;2024-01-02 06:00:00;;;;;80;29;1;N;0
Jatinegara;106.89093312753003;-6.243496821716255;2024-01-02 12:00:00;24.0;29.0;80.0;95.0;90;26;60;SW;0
Jatinegara;106.89093312753003;-6.243496821716255;2024-01-02 18:00:00;;;;;95;24;60;SE;0
Jatinegara;106.89093312753003;-6.243496821716255;2024-01-03 00:00:00;;;;;95;25;3;SW;0
Jatinegara;106.89093312753003;-6.243496821716255;2024-01-03 06:00:00;;;;;80;30;1;NW;10
Jatinegara;106.89093312753003;-6.243496821716255;2024-01-03 12:00:00;24.0;30.0;80.0;95.0;90;26;60;NE;0
Jatinegara;106.89093312753003;-6.243496821716255;2024-01-03 18:00:00;;;;;95;24;60;N;0
Jatinegara;106.89093312753003;-6.243496821716255;2024-01-04 00:00:00;;;;;95;25;45;S;0
Jatinegara;106.89093312753003;-6.243496821716255;2024-01-04 06:00:00;;;;;75;30;1;NW;10
Jatinegara;106.89093312753003;-6.243496821716255;2024-01-04 12:00:00;24.0;30.0;75.0;95.0;90;26;1;E;0
Jatinegara;106.89093312753003;-6.243496821716255;2024-01-04 18:00:00;;;;;95;24;3;SE;0
Jatinegara;106.89093312753003;-6.243496821716255;2024-01-05 00:00:00;;;;;100;24;60;N;0
Jatinegara;106.89093312753003;-6.243496821716255;2024-01-05 06:00:00;;;;;75;31;3;W;0
Jatinegara;106.89093312753003;-6.243496821716255;2024-01-05 12:00:00;24.0;31.0;75.0;100.0;90;26;3;N;0
Jatinegara;106.89093312753003;-6.243496821716255;2024-01-05 18:00:00;;;;;100;24;3;N;0
Pondok Gede;106.91217886582;-6.257783811192343;2023-12-30 00:00:00;;;;;75;26;1;E;10
Pondok Gede;106.91217886582;-6.257783811192343;2023-12-30 03:00:00;;;;;70;30;63;E;10
Pondok Gede;106.91217886582;-6.257783811192343;2023-12-30 06:00:00;;;;;70;33;63;E;30
Pondok Gede;106.91217886582;-6.257783811192343;2023-12-30 09:00:00;;;;;75;27;95;E;20
Pondok Gede;106.91217886582;-6.257783811192343;2023-12-30 12:00:00;24.0;33.0;70.0;95.0;75;25;61;E;10
Pondok Gede;106.91217886582;-6.257783811192343;2023-12-30 15:00:00;;;;;70;25;3;E;0
Pondok Gede;106.91217886582;-6.257783811192343;2023-12-30 18:00:00;;;;;95;24;3;E;0
Pondok Gede;106.91217886582;-6.257783811192343;2023-12-30 21:00:00;;;;;95;25;60;E;0
Pondok Gede;106.91217886582;-6.257783811192343;2023-12-31 00:00:00;;;;;75;25;1;E;0
Pondok Gede;106.91217886582;-6.257783811192343;2023-12-31 03:00:00;;;;;75;32;61;E;20
Pondok Gede;106.91217886582;-6.257783811192343;2023-12-31 06:00:00;;;;;65;35;63;E;30
Pondok Gede;106.91217886582;-6.257783811192343;2023-12-31 09:00:00;;;;;80;30;63;E;20
Pondok Gede;106.91217886582;-6.257783811192343;2023-12-31 12:00:00;24.0;35.0;65.0;95.0;80;25;61;E;0
Pondok Gede;106.91217886582;-6.257783811192343;2023-12-31 15:00:00;;;;;95;26;61;E;0
Pondok Gede;106.91217886582;-6.257783811192343;2023-12-31 18:00:00;;;;;95;24;3;E;0
Pondok Gede;106.91217886582;-6.257783811192343;2023-12-31 21:00:00;;;;;95;24;3;E;0
Pondok Gede;106.91217886582;-6.257783811192343;2024-01-01 00:00:00;;;;;75;26;1;E;0
Pondok Gede;106.91217886582;-6.257783811192343;2024-01-01 03:00:00;;;;;70;30;60;E;10
Pondok Gede;106.91217886582;-6.257783811192343;2024-01-01 06:00:00;;;;;55;35;95;E;30
Pondok Gede;106.91217886582;-6.257783811192343;2024-01-01 09:00:00;;;;;60;28;61;E;0
Pondok Gede;106.91217886582;-6.257783811192343;2024-01-01 12:00:00;23.0;35.0;55.0;95.0;90;27;61;E;0
Pondok Gede;106.91217886582;-6.257783811192343;2024-01-01 15:00:00;;;;;95;26;3;E;0
Pondok Gede;106.91217886582;-6.257783811192343;2024-01-01 18:00:00;;;;;95;24;3;E;0
Pondok Gede;106.91217886582;-6.257783811192343;2024-01-01 21:00:00;;;;;95;23;3;E;0
Pondok Gede;106.91217886582;-6.257783811192343;2024-01-02 00:00:00;;;;;80;24;1;E;0
Pondok Gede;106.91217886582;-6.257783811192343;2024-01-02 06:00:00;;;;;75;30;63;E;30
Pondok Gede;106.91217886582;-6.257783811192343;2024-01-02 12:00:00;23.0;30.0;75.0;95.0;90;24;3;E;0
Pondok Gede;106.91217886582;-6.257783811192343;2024-01-02 18:00:00;;;;;95;23;3;E;0
Pondok Gede;106.91217886582;-6.257783811192343;2024-01-03 00:00:00;;;;;80;23;1;E;0
Pondok Gede;106.91217886582;-6.257783811192343;2024-01-03 06:00:00;;;;;75;30;63;E;30
Pondok Gede;106.91217886582;-6.257783811192343;2024-01-03 12:00:00;23.0;30.0;75.0;95.0;90;24;3;E;0
Pondok Gede;106.91217886582;-6.257783811192343;2024-01-03 18:00:00;;;;;95;24;3;E;0
Pondok Gede;106.91217886582;-6.257783811192343;2024-01-04 00:00:00;;;;;85;24;1;E;0
Pondok Gede;106.91217886582;-6.257783811192343;2024-01-04 06:00:00;;;;;75;31;63;E;30
Pondok Gede;106.91217886582;-6.257783811192343;2024-01-04 12:00:00;22.0;31.0;75.0;95.0;95;24;3;E;0
Pondok Gede;106.91217886582;-6.257783811192343;2024-01-04 18:00:00;;;;;95;22;3;E;0
Pondok Gede;106.91217886582;-6.257783811192343;2024-01-05 00:00:00;;;;;85;22;1;E;0
Pondok Gede;106.91217886582;-6.257783811192343;2024-01-05 06:00:00;;;;;90;30;63;E;20
Pondok Gede;106.91217886582;-6.257783811192343;2024-01-05 12:00:00;22.0;30.0;85.0;95.0;90;23;3;E;0
Pondok Gede;106.91217886582;-6.257783811192343;2024-01-05 18:00:00;;;;;95;22;3;E;0
Telukjambe Barat;107.21293874423344;-6.359022779262479;2023-12-30 00:00:00;;;;;75;26;1;E;10
Telukjambe Barat;107.21293874423344;-6.359022779262479;2023-12-30 03:00:00;;;;;70;30;61;E;10
Telukjambe Barat;107.21293874423344;-6.359022779262479;2023-12-30 06:00:00;;;;;70;33;61;E;30
Telukjambe Barat;107.21293874423344;-6.359022779262479;2023-12-30 09:00:00;;;;;75;27;61;E;20
Telukjambe Barat;107.21293874423344;-6.359022779262479;2023-12-30 12:00:00;22.0;33.0;70.0;95.0;75;25;60;E;10
Telukjambe Barat;107.21293874423344;-6.359022779262479;2023-12-30 15:00:00;;;;;70;24;60;E;0
Telukjambe Barat;107.21293874423344;-6.359022779262479;2023-12-30 18:00:00;;;;;95;25;3;E;0
Telukjambe Barat;107.21293874423344;-6.359022779262479;2023-12-30 21:00:00;;;;;95;22;60;E;0
Telukjambe Barat;107.21293874423344;-6.359022779262479;2023-12-31 00:00:00;;;;;75;26;1;E;0
Telukjambe Barat;107.21293874423344;-6.359022779262479;2023-12-31 03:00:00;;;;;75;30;3;E;20
Telukjambe Barat;107.21293874423344;-6.359022779262479;2023-12-31 06:00:00;;;;;65;35;61;E;30
Telukjambe Barat;107.21293874423344;-6.359022779262479;2023-12-31 09:00:00;;;;;80;30;61;E;20
Telukjambe Barat;107.21293874423344;-6.359022779262479;2023-12-31 12:00:00;22.0;35.0;65.0;95.0;80;24;61;E;0
Telukjambe Barat;107.21293874423344;-6.359022779262479;2023-12-31 15:00:00;;;;;95;22;61;E;0
Telukjambe Barat;107.21293874423344;-6.359022779262479;2023-12-31 18:00:00;;;;;95;24;3;E;0
Telukjambe Barat;107.21293874423344;-6.359022779262479;2023-12-31 21:00:00;;;;;95;24;3;E;0
Telukjambe Barat;107.21293874423344;-6.359022779262479;2024-01-01 00:00:00;;;;;75;25;1;E;0
Telukjambe Barat;107.21293874423344;-6.359022779262479;2024-01-01 03:00:00;;;;;70;30;60;E;10
Telukjambe Barat;107.21293874423344;-6.359022779262479;2024-01-01 06:00:00;;;;;55;35;63;E;30
Telukjambe Barat;107.21293874423344;-6.359022779262479;2024-01-01 09:00:00;;;;;60;29;61;E;0
Telukjambe Barat;107.21293874423344;-6.359022779262479;2024-01-01 12:00:00;21.0;35.0;55.0;95.0;90;27;61;E;0
Telukjambe Barat;107.21293874423344;-6.359022779262479;2024-01-01 15:00:00;;;;;95;24;3;E;0
Telukjambe Barat;107.21293874423344;-6.359022779262479;2024-01-01 18:00:00;;;;;95;24;3;E;0
Telukjambe Barat;107.21293874423344;-6.359022779262479;2024-01-01 21:00:00;;;;;95;21;3;E;0
Telukjambe Barat;107.21293874423344;-6.359022779262479;2024-01-02 00:00:00;;;;;80;24;1;E;0
Telukjambe Barat;107.21293874423344;-6.359022779262479;2024-01-02 06:00:00;;;;;75;30;63;E;30
Telukjambe Barat;107.21293874423344;-6.359022779262479;2024-01-02 12:00:00;23.0;30.0;75.0;95.0;90;24;3;E;0
Telukjambe Barat;107.21293874423344;-6.359022779262479;2024-01-02 18:00:00;;;;;95;23;3;E;0
Telukjambe Barat;107.21293874423344;-6.359022779262479;2024-01-03 00:00:00;;;;;80;23;1;E;0
Telukjambe Barat;107.21293874423344;-6.359022779262479;2024-01-03 06:00:00;;;;;75;30;63;E;30
Telukjambe Barat;107.21293874423344;-6.359022779262479;2024-01-03 12:00:00;23.0;30.0;75.0;95.0;90;24;3;E;0
Telukjambe Barat;107.21293874423344;-6.359022779262479;2024-01-03 18:00:00;;;;;95;24;3;E;0
Telukjambe Barat;107.21293874423344;-6.359022779262479;2024-01-04 00:00:00;;;;;85;24;1;E;0
Telukjambe Barat;107.21293874423344;-6.359022779262479;2024-01-04 06:00:00;;;;;75;31;63;E;30
Telukjambe Barat;107.21293874423344;-6.359022779262479;2024-01-04 12:00:00;22.0;31.0;75.0;95.0;95;24;3;E;0
Telukjambe Barat;107.21293874423344;-6.359022779262479;2024-01-04 18:00:00;;;;;95;22;3;E;0
Telukjambe Barat;107.21293874423344;-6.359022779262479;2024-01-05 00:00:00;;;;;85;22;1;E;0
Telukjambe Barat;107.21293874423344;-6.359022779262479;2024-01-05 06:00:00;;;;;90;30;63;E;20
Telukjambe Barat;107.21293874423344;-6.359022779262479;2024-01-05 12:00:00;22.0;30.0;85.0;95.0;90;23;3;E;0
Telukjambe Barat;107.21293874423344;-6.359022779262479;2024-01-05 18:00:00;;;;;95;22;3;E;0
Bandung Kidul;107.62051628437608;-6.961654613452838;2023-12-30 00:00:00;;;;;80;21;1;E;10
Bandung Kidul;107.62051628437608;-6.961654613452838;2023-12-30 03:00:00;;;;;75;28;63;E;10
Bandung Kidul;107.62051628437608;-6.961654613452838;2023-12-30 06:00:00;;;;;75;30;95;E;30
Bandung Kidul;107.62051628437608;-6.961654613452838;2023-12-30 09:00:00;;;;;80;25;95;E;20
Bandung Kidul;107.62051628437608;-6.961654613452838;2023-12-30 12:00:00;20.0;30.0;75.0;95.0;85;23;61;E;10
Bandung Kidul;107.62051628437608;-6.961654613452838;2023-12-30 15:00:00;;;;;85;24;3;E;0
Bandung Kidul;107.62051628437608;-6.961654613452838;2023-12-30 18:00:00;;;;;95;20;3;E;0
Bandung Kidul;107.62051628437608;-6.961654613452838;2023-12-30 21:00:00;;;;;95;20;3;E;0
Bandung Kidul;107.62051628437608;-6.961654613452838;2023-12-31 00:00:00;;;;;90;21;1;E;0
Bandung Kidul;107.62051628437608;-6.961654613452838;2023-12-31 03:00:00;;;;;80;29;3;E;20
Bandung Kidul;107.62051628437608;-6.961654613452838;2023-12-31 06:00:00;;;;;75;31;95;E;30
Bandung Kidul;107.62051628437608;-6.961654613452838;2023-12-31 09:00:00;;;;;85;27;95;E;20
Bandung Kidul;107.62051628437608;-6.961654613452838;2023-12-31 12:00:00;19.0;31.0;75.0;95.0;85;23;60;E;0
Bandung Kidul;107.62051628437608;-6.961654613452838;2023-12-31 15:00:00;;;;;95;20;61;E;0
Bandung Kidul;107.62051628437608;-6.961654613452838;2023-12-31 18:00:00;;;;;95;19;3;E;0
Bandung Kidul;107.62051628437608;-6.961654613452838;2023-12-31 21:00:00;;;;;95;19;3;E;0
Bandung Kidul;107.62051628437608;-6.961654613452838;2024-01-01 00:00:00;;;;;80;25;1;E;0
Bandung Kidul;107.62051628437608;-6.961654613452838;2024-01-01 03:00:00;;;;;80;27;61;E;10
Bandung Kidul;107.62051628437608;-6.961654613452838;2024-01-01 06:00:00;;;;;55;29;63;E;30
Bandung Kidul;107.62051628437608;-6.961654613452838;2024-01-01 09:00:00;;;;;80;26;61;E;0
Bandung Kidul;107.62051628437608;-6.961654613452838;2024-01-01 12:00:00;18.0;29.0;55.0;95.0;95;23;61;E;0
Bandung Kidul;107.62051628437608;-6.961654613452838;2024-01-01 15:00:00;;;;;95;18;3;E;0
Bandung Kidul;107.62051628437608;-6.961654613452838;2024-01-01 18:00:00;;;;;95;18;3;E;0
Bandung Kidul;107.62051628437608;-6.961654613452838;2024-01-01 21:00:00;;;;;95;18;3;E;0
Bandung Kidul;107.62051628437608;-6.961654613452838;2024-01-02 00:00:00;;;;;80;24;1;E;0
Bandung Kidul;107.62051628437608;-6.961654613452838;2024-01-02 06:00:00;;;;;75;30;63;E;30
Bandung Kidul;107.62051628437608;-6.961654613452838;2024-01-02 12:00:00;23.0;30.0;75.0;95.0;90;24;3;E;0
Bandung Kidul;107.62051628437608;-6.961654613452838;2024-01-02 18:00:00;;;;;95;23;3;E;0
Bandung Kidul;107.62051628437608;-6.961654613452838;2024-01-03 00:00:00;;;;;80;23;1;E;0
Bandung Kidul;107.62051628437608;-6.961654613452838;2024-01-03 06:00:00;;;;;75;30;63;E;30
Bandung Kidul;107.62051628437608;-6.961654613452838;2024-01-03 12:00:00;23.0;30.0;75.0;95.0;90;24;3;E;0
Bandung Kidul;107.62051628437608;-6.961654613452838;2024-01-03 18:00:00;;;;;95;24;3;E;0
Bandung Kidul;107.62051628437608;-6.961654613452838;2024-01-04 00:00:00;;;;;85;24;1;E;0
Bandung Kidul;107.62051628437608;-6.961654613452838;2024-01-04 06:00:00;;;;;75;31;63;E;30
Bandung Kidul;107.62051628437608;-6.961654613452838;2024-01-04 12:00:00;22.0;31.0;75.0;95.0;95;24;3;E;0
Bandung Kidul;107.62051628437608;-6.961654613452838;2024-01-04 18:00:00;;;;;95;22;3;E;0
Bandung Kidul;107.62051628437608;-6.961654613452838;2024-01-05 00:00:00;;;;;85;22;1;E;0
Bandung Kidul;107.62051628437608;-6.961654613452838;2024-01-05 06:00:00;;;;;90;30;63;E;20
Bandung Kidul;107.62051628437608;-6.961654613452838;2024-01-05 12:00:00;22.0;30.0;85.0;95.0;90;23;3;E;0
Bandung Kidul;107.62051628437608;-6.961654613452838;2024-01-05 18:00:00;;;;;95;22;3;E;0
Cimahi Selatan;107.54122979510078;-6.911363635085763;2023-12-30 00:00:00;;;;;80;22;1;E;10
Cimahi Selatan;107.54122979510078;-6.911363635085763;2023-12-30 03:00:00;;;;;75;28;95;E;10
Cimahi Selatan;107.54122979510078;-6.911363635085763;2023-12-30 06:00:00;;;;;75;30;95;E;30
Cimahi Selatan;107.54122979510078;-6.911363635085763;2023-12-30 09:00:00;;;;;80;25;95;E;20
Cimahi Selatan;107.54122979510078;-6.911363635085763;2023-12-30 12:00:00;20.0;30.0;75.0;95.0;85;23;61;E;10
Cimahi Selatan;107.54122979510078;-6.911363635085763;2023-12-30 15:00:00;;;;;85;21;3;E;0
Cimahi Selatan;107.54122979510078;-6.911363635085763;2023-12-30 18:00:00;;;;;95;20;3;E;0
Cimahi Selatan;107.54122979510078;-6.911363635085763;2023-12-30 21:00:00;;;;;95;20;3;E;0
Cimahi Selatan;107.54122979510078;-6.911363635085763;2023-12-31 00:00:00;;;;;90;22;1;E;0
Cimahi Selatan;107.54122979510078;-6.911363635085763;2023-12-31 03:00:00;;;;;80;29;3;E;20
Cimahi Selatan;107.54122979510078;-6.911363635085763;2023-12-31 06:00:00;;;;;75;31;95;E;30
Cimahi Selatan;107.54122979510078;-6.911363635085763;2023-12-31 09:00:00;;;;;85;27;95;E;20
Cimahi Selatan;107.54122979510078;-6.911363635085763;2023-12-31 12:00:00;20.0;31.0;75.0;95.0;85;23;60;E;0
Cimahi Selatan;107.54122979510078;-6.911363635085763;2023-12-31 15:00:00;;;;;95;20;61;E;0
Cimahi Selatan;107.54122979510078;-6.911363635085763;2023-12-31 18:00:00;;;;;95;21;3;E;0
Cimahi Selatan;107.54122979510078;-6.911363635085763;2023-12-31 21:00:00;;;;;95;20;3;E;0
Cimahi Selatan;107.54122979510078;-6.911363635085763;2024-01-01 00:00:00;;;;;80;25;1;E;0
Cimahi Selatan;107.54122979510078;-6.911363635085763;2024-01-01 03:00:00;;;;;80;27;61;E;10
Cimahi Selatan;107.54122979510078;-6.911363635085763;2024-01-01 06:00:00;;;;;55;28;63;E;30
Cimahi Selatan;107.54122979510078;-6.911363635085763;2024-01-01 09:00:00;;;;;80;26;61;E;0
Cimahi Selatan;107.54122979510078;-6.911363635085763;2024-01-01 12:00:00;18.0;28.0;55.0;95.0;95;23;61;E;0
Cimahi Selatan;107.54122979510078;-6.911363635085763;2024-01-01 15:00:00;;;;;95;18;3;E;0
Cimahi Selatan;107.54122979510078;-6.911363635085763;2024-01-01 18:00:00;;;;;95;18;3;E;0
Cimahi Selatan;107.54122979510078;-6.911363635085763;2024-01-01 21:00:00;;;;;95;18;3;E;0
Cimahi Selatan;107.54122979510078;-6.911363635085763;2024-01-02 00:00:00;;;;;80;24;1;E;0
Cimahi Selatan;107.54122979510078;-6.911363635085763;2024-01-02 06:00:00;;;;;75;30;63;E;30
Cimahi Selatan;107.54122979510078;-6.911363635085763;2024-01-02 12:00:00;23.0;30.0;75.0;95.0;90;24;3;E;0
Cimahi Selatan;107.54122979510078;-6.911363635085763;2024-01-02 18:00:00;;;;;95;23;3;E;0
Cimahi Selatan;107.54122979510078;-6.911363635085763;2024-01-03 00:00:00;;;;;80;23;1;E;0
Cimahi Selatan;107.54122979510078;-6.911363635085763;2024-01-03 06:00:00;;;;;75;30;63;E;30
Cimahi Selatan;107.54122979510078;-6.911363635085763;2024-01-03 12:00:00;23.0;30.0;75.0;95.0;90;24;3;E;0
Cimahi Selatan;107.54122979510078;-6.911363635085763;2024-01-03 18:00:00;;;;;95;24;3;E;0
Cimahi Selatan;107.54122979510078;-6.911363635085763;2024-01-04 00:00:00;;;;;85;24;1;E;0
Cimahi Selatan;107.54122979510078;-6.911363635085763;2024-01-04 06:00:00;;;;;75;31;63;E;30
Cimahi Selatan;107.54122979510078;-6.911363635085763;2024-01-04 12:00:00;22.0;31.0;75.0;95.0;95;24;3;E;0
Cimahi Selatan;107.54122979510078;-6.911363635085763;2024-01-04 18:00:00;;;;;95;22;3;E;0
Cimahi Selatan;107.54122979510078;-6.911363635085763;2024-01-05 00:00:00;;;;;85;22;1;E;0
Cimahi Selatan;107.54122979510078;-6.911363635085763;2024-01-05 06:00:00;;;;;90;30;63;E;20
Cimahi Selatan;107.54122979510078;-6.911363635085763;2024-01-05 12:00:00;22.0;30.0;85.0;95.0;90;23;3;E;0
Cimahi Selatan;107.54122979510078;-6.911363635085763;2024-01-05 18:00:00;;;;;95;22;3;E;0
Bojongloa Kidul;107.5826503982401;-6.9614513302453;2023-12-30 00:00:00;;;;;80;22;1;E;10
Bojongloa Kidul;107.5826503982401;-6.9614513302453;2023-12-30 03:00:00;;;;;75;28;95;E;10
Bojongloa Kidul;107.5826503982401;-6.9614513302453;2023-12-30 06:00:00;;;;;75;30;95;E;30
Bojongloa Kidul;107.5826503982401;-6.9614513302453;2023-12-30 09:00:00;;;;;80;25;95;E;20
Bojongloa Kidul;107.5826503982401;-6.9614513302453;2023-12-30 12:00:00;20.0;30.0;75.0;95.0;85;23;61;E;10
Bojongloa Kidul;107.5826503982401;-6.9614513302453;2023-12-30 15:00:00;;;;;85;21;3;E;0
Bojongloa Kidul;107.5826503982401;-6.9614513302453;2023-12-30 18:00:00;;;;;95;20;3;E;0
Bojongloa Kidul;107.5826503982401;-6.9614513302453;2023-12-30 21:00:00;;;;;95;20;3;E;0
Bojongloa Kidul;107.5826503982401;-6.9614513302453;2023-12-31 00:00:00;;;;;90;22;1;E;0
Bojongloa Kidul;107.5826503982401;-6.9614513302453;2023-12-31 03:00:00;;;;;80;29;3;E;20
Bojongloa Kidul;107.5826503982401;-6.9614513302453;2023-12-31 06:00:00;;;;;75;31;95;E;30
Bojongloa Kidul;107.5826503982401;-6.9614513302453;2023-12-31 09:00:00;;;;;85;27;95;E;20
Bojongloa Kidul;107.5826503982401;-6.9614513302453;2023-12-31 12:00:00;20.0;31.0;75.0;95.0;85;23;60;E;0
Bojongloa Kidul;107.5826503982401;-6.9614513302453;2023-12-31 15:00:00;;;;;95;20;61;E;0
Bojongloa Kidul;107.5826503982401;-6.9614513302453;2023-12-31 18:00:00;;;;;95;21;3;E;0
Bojongloa Kidul;107.5826503982401;-6.9614513302453;2023-12-31 21:00:00;;;;;95;20;3;E;0
Bojongloa Kidul;107.5826503982401;-6.9614513302453;2024-01-01 00:00:00;;;;;80;25;1;E;0
Bojongloa Kidul;107.5826503982401;-6.9614513302453;2024-01-01 03:00:00;;;;;80;27;61;E;10
Bojongloa Kidul;107.5826503982401;-6.9614513302453;2024-01-01 06:00:00;;;;;55;28;63;E;30
Bojongloa Kidul;107.5826503982401;-6.9614513302453;2024-01-01 09:00:00;;;;;80;26;61;E;0
Bojongloa Kidul;107.5826503982401;-6.9614513302453;2024-01-01 12:00:00;18.0;28.0;55.0;95.0;95;23;61;E;0
Bojongloa Kidul;107.5826503982401;-6.9614513302453;2024-01-01 15:00:00;;;;;95;18;3;E;0
Bojongloa Kidul;107.5826503982401;-6.9614513302453;2024-01-01 18:00:00;;;;;95;18;3;E;0
Bojongloa Kidul;107.5826503982401;-6.9614513302453;2024-01-01 21:00:00;;;;;95;18;3;E;0
Bojongloa Kidul;107.5826503982401;-6.9614513302453;2024-01-02 00:00:00;;;;;80;24;1;E;0
Bojongloa Kidul;107.5826503982401;-6.9614513302453;2024-01-02 06:00:00;;;;;75;30;63;E;30
Bojongloa Kidul;107.5826503982401;-6.9614513302453;2024-01-02 12:00:00;23.0;30.0;75.0;95.0;90;24;3;E;0
Bojongloa Kidul;107.5826503982401;-6.9614513302453;2024-01-02 18:00:00;;;;;95;23;3;E;0
Bojongloa Kidul;107.5826503982401;-6.9614513302453;2024-01-03 00:00:00;;;;;80;23;1;E;0
Bojongloa Kidul;107.5826503982401;-6.9614513302453;2024-01-03 06:00:00;;;;;75;30;63;E;30
Bojongloa Kidul;107.5826503982401;-6.9614513302453;2024-01-03 12:00:00;23.0;30.0;75.0;95.0;90;24;3;E;0
Bojongloa Kidul;107.5826503982401;-6.9614513302453;2024-01-03 18:00:00;;;;;95;24;3;E;0
Bojongloa Kidul;107.5826503982401;-6.9614513302453;2024-01-04 00:00:00;;;;;85;24;1;E;0
Bojongloa Kidul;107.5826503982401;-6.9614513302453;2024-01-04 06:00:00;;;;;75;31;63;E;30
Bojongloa Kidul;107.5826503982401;-6.9614513302453;2024-01-04 12:00:00;22.0;31.0;75.0;95.0;95;24;3;E;0
Bojongloa Kidul;107.5826503982401;-6.9614513302453;2024-01-04 18:00:00;;;;;95;22;3;E;0
Bojongloa Kidul;107.5826503982401;-6.9614513302453;2024-01-05 00:00:00;;;;;85;22;1;E;0
Bojongloa Kidul;107.5826503982401;-6.9614513302453;2024-01-05 06:00:00;;;;;90;30;63;E;20
Bojongloa Kidul;107.5826503982401;-6.9614513302453;2024-01-05 12:00:00;22.0;30.0;85.0;95.0;90;23;3;E;0
Bojongloa Kidul;107.5826503982401;-6.9614513302453;2024-01-05 18:00:00;;;;;95;22;3;E;0
Purwakarta;107.42360504175475;-6.556923095034327;2023-12-30 00:00:00;;;;;75;26;1;E;10
Purwakarta;107.42360504175475;-6.556923095034327;2023-12-30 03:00:00;;;;;70;30;95;E;10
Purwakarta;107.42360504175475;-6.556923095034327;2023-12-30 06:00:00;;;;;70;33;63;E;30
Purwakarta;107.42360504175475;-6.556923095034327;2023-12-30 09:00:00;;;;;75;27;95;E;20
Purwakarta;107.42360504175475;-6.556923095034327;2023-12-30 12:00:00;23.0;33.0;70.0;95.0;75;25;61;E;10
Purwakarta;107.42360504175475;-6.556923095034327;2023-12-30 15:00:00;;;;;70;25;3;E;0
Purwakarta;107.42360504175475;-6.556923095034327;2023-12-30 18:00:00;;;;;95;23;3;E;0
Purwakarta;107.42360504175475;-6.556923095034327;2023-12-30 21:00:00;;;;;95;23;3;E;0
Purwakarta;107.42360504175475;-6.556923095034327;2023-12-31 00:00:00;;;;;75;25;1;E;0
Purwakarta;107.42360504175475;-6.556923095034327;2023-12-31 03:00:00;;;;;75;30;3;E;20
Purwakarta;107.42360504175475;-6.556923095034327;2023-12-31 06:00:00;;;;;65;35;63;E;30
Purwakarta;107.42360504175475;-6.556923095034327;2023-12-31 09:00:00;;;;;80;30;63;E;20
Purwakarta;107.42360504175475;-6.556923095034327;2023-12-31 12:00:00;23.0;35.0;65.0;95.0;80;25;61;E;0
Purwakarta;107.42360504175475;-6.556923095034327;2023-12-31 15:00:00;;;;;95;26;61;E;0
Purwakarta;107.42360504175475;-6.556923095034327;2023-12-31 18:00:00;;;;;95;24;61;E;0
Purwakarta;107.42360504175475;-6.556923095034327;2023-12-31 21:00:00;;;;;95;23;3;E;0
Purwakarta;107.42360504175475;-6.556923095034327;2024-01-01 00:00:00;;;;;75;26;1;E;0
Purwakarta;107.42360504175475;-6.556923095034327;2024-01-01 03:00:00;;;;;70;30;60;E;10
Purwakarta;107.42360504175475;-6.556923095034327;2024-01-01 06:00:00;;;;;55;35;95;E;30
Purwakarta;107.42360504175475;-6.556923095034327;2024-01-01 09:00:00;;;;;60;28;61;E;0
Purwakarta;107.42360504175475;-6.556923095034327;2024-01-01 12:00:00;23.0;35.0;55.0;95.0;90;27;61;E;0
Purwakarta;107.42360504175475;-6.556923095034327;2024-01-01 15:00:00;;;;;95;26;3;E;0
Purwakarta;107.42360504175475;-6.556923095034327;2024-01-01 18:00:00;;;;;95;24;3;E;0
Purwakarta;107.42360504175475;-6.556923095034327;2024-01-01 21:00:00;;;;;95;23;3;E;0
Purwakarta;107.42360504175475;-6.556923095034327;2024-01-02 00:00:00;;;;;80;24;1;E;0
Purwakarta;107.42360504175475;-6.556923095034327;2024-01-02 06:00:00;;;;;75;30;63;E;30
Purwakarta;107.42360504175475;-6.556923095034327;2024-01-02 12:00:00;23.0;30.0;75.0;95.0;90;24;3;E;0
Purwakarta;107.42360504175475;-6.556923095034327;2024-01-02 18:00:00;;;;;95;23;3;E;0
Purwakarta;107.42360504175475;-6.556923095034327;2024-01-03 00:00:00;;;;;80;23;1;E;0
Purwakarta;107.42360504175475;-6.556923095034327;2024-01-03 06:00:00;;;;;75;30;63;E;30
Purwakarta;107.42360504175475;-6.556923095034327;2024-01-03 12:00:00;23.0;30.0;75.0;95.0;90;24;3;E;0
Purwakarta;107.42360504175475;-6.556923095034327;2024-01-03 18:00:00;;;;;95;24;3;E;0
Purwakarta;107.42360504175475;-6.556923095034327;2024-01-04 00:00:00;;;;;85;24;1;E;0
Purwakarta;107.42360504175475;-6.556923095034327;2024-01-04 06:00:00;;;;;75;31;63;E;30
Purwakarta;107.42360504175475;-6.556923095034327;2024-01-04 12:00:00;22.0;31.0;75.0;95.0;95;24;3;E;0
Purwakarta;107.42360504175475;-6.556923095034327;2024-01-04 18:00:00;;;;;95;22;3;E;0
Purwakarta;107.42360504175475;-6.556923095034327;2024-01-05 00:00:00;;;;;85;22;1;E;0
Purwakarta;107.42360504175475;-6.556923095034327;2024-01-05 06:00:00;;;;;90;30;63;E;20
Purwakarta;107.42360504175475;-6.556923095034327;2024-01-05 12:00:00;22.0;30.0;85.0;95.0;90;23;3;E;0
Purwakarta;107.42360504175475;-6.556923095034327;2024-01-05 18:00:00;;;;;95;22;3;E;0
Ciampel;107.34773873733867;-6.467973957676957;2023-12-30 00:00:00;;;;;75;26;60;E;10
Ciampel;107.34773873733867;-6.467973957676957;2023-12-30 03:00:00;;;;;70;30;95;E;10
Ciampel;107.34773873733867;-6.467973957676957;2023-12-30 06:00:00;;;;;70;33;61;E;30
Ciampel;107.34773873733867;-6.467973957676957;2023-12-30 09:00:00;;;;;75;27;95;E;20
Ciampel;107.34773873733867;-6.467973957676957;2023-12-30 12:00:00;23.0;33.0;70.0;95.0;75;25;60;E;10
Ciampel;107.34773873733867;-6.467973957676957;2023-12-30 15:00:00;;;;;70;25;3;E;0
Ciampel;107.34773873733867;-6.467973957676957;2023-12-30 18:00:00;;;;;95;23;3;E;0
Ciampel;107.34773873733867;-6.467973957676957;2023-12-30 21:00:00;;;;;95;23;3;E;0
Ciampel;107.34773873733867;-6.467973957676957;2023-12-31 00:00:00;;;;;75;26;1;E;0
Ciampel;107.34773873733867;-6.467973957676957;2023-12-31 03:00:00;;;;;75;30;3;E;20
Ciampel;107.34773873733867;-6.467973957676957;2023-12-31 06:00:00;;;;;65;35;63;E;30
Ciampel;107.34773873733867;-6.467973957676957;2023-12-31 09:00:00;;;;;80;30;63;E;20
Ciampel;107.34773873733867;-6.467973957676957;2023-12-31 12:00:00;25.0;35.0;65.0;95.0;80;25;61;E;0
Ciampel;107.34773873733867;-6.467973957676957;2023-12-31 15:00:00;;;;;95;26;61;E;0
Ciampel;107.34773873733867;-6.467973957676957;2023-12-31 18:00:00;;;;;95;25;61;E;0
Ciampel;107.34773873733867;-6.467973957676957;2023-12-31 21:00:00;;;;;95;25;3;E;0
Ciampel;107.34773873733867;-6.467973957676957;2024-01-01 00:00:00;;;;;75;26;1;E;0
Ciampel;107.34773873733867;-6.467973957676957;2024-01-01 03:00:00;;;;;70;30;60;E;10
Ciampel;107.34773873733867;-6.467973957676957;2024-01-01 06:00:00;;;;;55;35;95;E;30
Ciampel;107.34773873733867;-6.467973957676957;2024-01-01 09:00:00;;;;;60;29;61;E;0
Ciampel;107.34773873733867;-6.467973957676957;2024-01-01 12:00:00;23.0;35.0;55.0;95.0;90;27;61;E;0
Ciampel;107.34773873733867;-6.467973957676957;2024-01-01 15:00:00;;;;;95;26;3;E;0
Ciampel;107.34773873733867;-6.467973957676957;2024-01-01 18:00:00;;;;;95;24;3;E;0
Ciampel;107.34773873733867;-6.467973957676957;2024-01-01 21:00:00;;;;;95;23;3;E;0
Ciampel;107.34773873733867;-6.467973957676957;2024-01-02 00:00:00;;;;;80;24;1;E;0
Ciampel;107.34773873733867;-6.467973957676957;2024-01-02 06:00:00;;;;;75;30;63;E;30
Ciampel;107.34773873733867;-6.467973957676957;2024-01-02 12:00:00;23.0;30.0;75.0;95.0;90;24;3;E;0
Ciampel;107.34773873733867;-6.467973957676957;2024-01-02 18:00:00;;;;;95;23;3;E;0
Ciampel;107.34773873733867;-6.467973957676957;2024-01-03 00:00:00;;;;;80;23;1;E;0
Ciampel;107.34773873733867;-6.467973957676957;2024-01-03 06:00:00;;;;;75;30;63;E;30
Ciampel;107.34773873733867;-6.467973957676957;2024-01-03 12:00:00;23.0;30.0;75.0;95.0;90;24;3;E;0
Ciampel;107.34773873733867;-6.467973957676957;2024-01-03 18:00:00;;;;;95;24;3;E;0
Ciampel;107.34773873733867;-6.467973957676957;2024-01-04 00:00:00;;;;;85;24;1;E;0
Ciampel;107.34773873733867;-6.467973957676957;2024-01-04 06:00:00;;;;;75;31;63;E;30
Ciampel;107.34773873733867;-6.467973957676957;2024-01-04 12:00:00;22.0;31.0;75.0;95.0;95;24;3;E;0
Ciampel;107.34773873733867;-6.467973957676957;2024-01-04 18:00:00;;;;;95;22;3;E;0
Ciampel;107.34773873733867;-6.467973957676957;2024-01-05 00:00:00;;;;;85;22;1;E;0
Ciampel;107.34773873733867;-6.467973957676957;2024-01-05 06:00:00;;;;;90;30;63;E;20
Ciampel;107.34773873733867;-6.467973957676957;2024-01-05 12:00:00;22.0;30.0;85.0;95.0;90;23;3;E;0
Ciampel;107.34773873733867;-6.467973957676957;2024-01-05 18:00:00;;;;;95;22;3;E;0
Pangkalan;107.2713989022874;-6.402601880267991;2023-12-30 00:00:00;;;;;75;26;61;E;10
Pangkalan;107.2713989022874;-6.402601880267991;2023-12-30 03:00:00;;;;;70;30;95;E;10
Pangkalan;107.2713989022874;-6.402601880267991;2023-12-30 06:00:00;;;;;70;33;63;E;30
Pangkalan;107.2713989022874;-6.402601880267991;2023-12-30 09:00:00;;;;;75;27;95;E;20
Pangkalan;107.2713989022874;-6.402601880267991;2023-12-30 12:00:00;23.0;33.0;70.0;95.0;75;25;60;E;10
Pangkalan;107.2713989022874;-6.402601880267991;2023-12-30 15:00:00;;;;;70;25;3;E;0
Pangkalan;107.2713989022874;-6.402601880267991;2023-12-30 18:00:00;;;;;95;23;3;E;0
Pangkalan;107.2713989022874;-6.402601880267991;2023-12-30 21:00:00;;;;;95;23;60;E;0
Pangkalan;107.2713989022874;-6.402601880267991;2023-12-31 00:00:00;;;;;75;26;1;E;0
Pangkalan;107.2713989022874;-6.402601880267991;2023-12-31 03:00:00;;;;;75;30;3;E;20
Pangkalan;107.2713989022874;-6.402601880267991;2023-12-31 06:00:00;;;;;65;35;63;E;30
Pangkalan;107.2713989022874;-6.402601880267991;2023-12-31 09:00:00;;;;;80;30;63;E;20
Pangkalan;107.2713989022874;-6.402601880267991;2023-12-31 12:00:00;24.0;35.0;65.0;95.0;80;25;61;E;0
Pangkalan;107.2713989022874;-6.402601880267991;2023-12-31 15:00:00;;;;;95;26;61;E;0
Pangkalan;107.2713989022874;-6.402601880267991;2023-12-31 18:00:00;;;;;95;24;3;E;0
Pangkalan;107.2713989022874;-6.402601880267991;2023-12-31 21:00:00;;;;;95;24;3;E;0
Pangkalan;107.2713989022874;-6.402601880267991;2024-01-01 00:00:00;;;;;75;26;1;E;0
Pangkalan;107.2713989022874;-6.402601880267991;2024-01-01 03:00:00;;;;;70;30;60;E;10
Pangkalan;107.2713989022874;-6.402601880267991;2024-01-01 06:00:00;;;;;55;35;95;E;30
Pangkalan;107.2713989022874;-6.402601880267991;2024-01-01 09:00:00;;;;;60;29;61;E;0
Pangkalan;107.2713989022874;-6.402601880267991;2024-01-01 12:00:00;23.0;35.0;55.0;95.0;90;27;61;E;0
Pangkalan;107.2713989022874;-6.402601880267991;2024-01-01 15:00:00;;;;;95;26;3;E;0
Pangkalan;107.2713989022874;-6.402601880267991;2024-01-01 18:00:00;;;;;95;24;3;E;0
Pangkalan;107.2713989022874;-6.402601880267991;2024-01-01 21:00:00;;;;;95;23;3;E;0
Pangkalan;107.2713989022874;-6.402601880267991;2024-01-02 00:00:00;;;;;80;24;1;E;0
Pangkalan;107.2713989022874;-6.402601880267991;2024-01-02 06:00:00;;;;;75;30;63;E;30
Pangkalan;107.2713989022874;-6.402601880267991;2024-01-02 12:00:00;23.0;30.0;75.0;95.0;90;24;3;E;0
Pangkalan;107.2713989022874;-6.402601880267991;2024-01-02 18:00:00;;;;;95;23;3;E;0
Pangkalan;107.2713989022874;-6.402601880267991;2024-01-03 00:00:00;;;;;80;23;1;E;0
Pangkalan;107.2713989022874;-6.402601880267991;2024-01-03 06:00:00;;;;;75;30;63;E;30
Pangkalan;107.2713989022874;-6.402601880267991;2024-01-03 12:00:00;23.0;30.0;75.0;95.0;90;24;3;E;0
Pangkalan;107.2713989022874;-6.402601880267991;2024-01-03 18:00:00;;;;;95;24;3;E;0
Pangkalan;107.2713989022874;-6.402601880267991;2024-01-04 00:00:00;;;;;85;24;1;E;0
Pangkalan;107.2713989022874;-6.402601880267991;2024-01-04 06:00:00;;;;;75;31;63;E;30
Pangkalan;107.2713989022874;-6.402601880267991;2024-01-04 12:00:00;22.0;31.0;75.0;95.0;95;24;3;E;0
Pangkalan;107.2713989022874;-6.402601880267991;2024-01-04 18:00:00;;;;;95;22;3;E;0
Pangkalan;107.2713989022874;-6.402601880267991;2024-01-05 00:00:00;;;;;85;22;1;E;0
Pangkalan;107.2713989022874;-6.402601880267991;2024-01-05 06:00:00;;;;;90;30;63;E;20
Pangkalan;107.2713989022874;-6.402601880267991;2024-01-05 12:00:00;22.0;30.0;85.0;95.0;90;23;3;E;0
Pangkalan;107.2713989022874;-6.402601880267991;2024-01-05 18:00:00;;;;;95;22;3;E;0
Sukatani;107.39723442910196;-6.640214483023732;2023-12-30 00:00:00;;;;;75;26;1;E;10
Sukatani;107.39723442910196;-6.640214483023732;2023-12-30 03:00:00;;;;;70;30;95;E;10
Sukatani;107.39723442910196;-6.640214483023732;2023-12-30 06:00:00;;;;;70;33;63;E;30
Sukatani;107.39723442910196;-6.640214483023732;2023-12-30 09:00:00;;;;;75;27;95;E;20
Sukatani;107.39723442910196;-6.640214483023732;2023-12-30 12:00:00;23.0;33.0;70.0;95.0;75;25;61;E;10
Sukatani;107.39723442910196;-6.640214483023732;2023-12-30 15:00:00;;;;;70;25;3;E;0
Sukatani;107.39723442910196;-6.640214483023732;2023-12-30 18:00:00;;;;;95;23;3;E;0
Sukatani;107.39723442910196;-6.640214483023732;2023-12-30 21:00:00;;;;;95;23;3;E;0
Sukatani;107.39723442910196;-6.640214483023732;2023-12-31 00:00:00;;;;;75;25;1;E;0
Sukatani;107.39723442910196;-6.640214483023732;2023-12-31 03:00:00;;;;;75;30;3;E;20
Sukatani;107.39723442910196;-6.640214483023732;2023-12-31 06:00:00;;;;;65;35;63;E;30
Sukatani;107.39723442910196;-6.640214483023732;2023-12-31 09:00:00;;;;;80;30;63;E;20
Sukatani;107.39723442910196;-6.640214483023732;2023-12-31 12:00:00;23.0;35.0;65.0;95.0;80;25;61;E;0
Sukatani;107.39723442910196;-6.640214483023732;2023-12-31 15:00:00;;;;;95;26;61;E;0
Sukatani;107.39723442910196;-6.640214483023732;2023-12-31 18:00:00;;;;;95;24;61;E;0
Sukatani;107.39723442910196;-6.640214483023732;2023-12-31 21:00:00;;;;;95;23;3;E;0
Sukatani;107.39723442910196;-6.640214483023732;2024-01-01 00:00:00;;;;;75;26;1;E;0
Sukatani;107.39723442910196;-6.640214483023732;2024-01-01 03:00:00;;;;;70;30;60;E;10
Sukatani;107.39723442910196;-6.640214483023732;2024-01-01 06:00:00;;;;;55;35;95;E;30
Sukatani;107.39723442910196;-6.640214483023732;2024-01-01 09:00:00;;;;;60;28;61;E;0
Sukatani;107.39723442910196;-6.640214483023732;2024-01-01 12:00:00;23.0;35.0;55.0;95.0;90;27;61;E;0
Sukatani;107.39723442910196;-6.640214483023732;2024-01-01 15:00:00;;;;;95;26;3;E;0
Sukatani;107.39723442910196;-6.640214483023732;2024-01-01 18:00:00;;;;;95;24;3;E;0
Sukatani;107.39723442910196;-6.640214483023732;2024-01-01 21:00:00;;;;;95;23;3;E;0
Sukatani;107.39723442910196;-6.640214483023732;2024-01-02 00:00:00;;;;;80;24;1;E;0
Sukatani;107.39723442910196;-6.640214483023732;2024-01-02 06:00:00;;;;;75;30;63;E;30
Sukatani;107.39723442910196;-6.640214483023732;2024-01-02 12:00:00;23.0;30.0;75.0;95.0;90;24;3;E;0
Sukatani;107.39723442910196;-6.640214483023732;2024-01-02 18:00:00;;;;;95;23;3;E;0
Sukatani;107.39723442910196;-6.640214483023732;2024-01-03 00:00:00;;;;;80;23;1;E;0
Sukatani;107.39723442910196;-6.640214483023732;2024-01-03 06:00:00;;;;;75;30;63;E;30
Sukatani;107.39723442910196;-6.640214483023732;2024-01-03 12:00:00;23.0;30.0;75.0;95.0;90;24;3;E;0
Sukatani;107.39723442910196;-6.640214483023732;2024-01-03 18:00:00;;;;;95;24;3;E;0
Sukatani;107.39723442910196;-6.640214483023732;2024-01-04 00:00:00;;;;;85;24;1;E;0
Sukatani;107.39723442910196;-6.640214483023732;2024-01-04 06:00:00;;;;;75;31;63;E;30
Sukatani;107.39723442910196;-6.640214483023732;2024-01-04 12:00:00;22.0;31.0;75.0;95.0;95;24;3;E;0
Sukatani;107.39723442910196;-6.640214483023732;2024-01-04 18:00:00;;;;;95;22;3;E;0
Sukatani;107.39723442910196;-6.640214483023732;2024-01-05 00:00:00;;;;;85;22;1;E;0
Sukatani;107.39723442910196;-6.640214483023732;2024-01-05 06:00:00;;;;;90;30;63;E;20
Sukatani;107.39723442910196;-6.640214483023732;2024-01-05 12:00:00;22.0;30.0;85.0;95.0;90;23;3;E;0
Sukatani;107.39723442910196;-6.640214483023732;2024-01-05 18:00:00;;;;;95;22;3;E;0
Darangdan;107.40382573168534;-6.674769702569559;2023-12-30 00:00:00;;;;;75;26;1;E;10
Darangdan;107.40382573168534;-6.674769702569559;2023-12-30 03:00:00;;;;;70;30;95;E;10
Darangdan;107.40382573168534;-6.674769702569559;2023-12-30 06:00:00;;;;;70;33;63;E;30
Darangdan;107.40382573168534;-6.674769702569559;2023-12-30 09:00:00;;;;;75;27;95;E;20
Darangdan;107.40382573168534;-6.674769702569559;2023-12-30 12:00:00;23.0;33.0;70.0;95.0;75;25;61;E;10
Darangdan;107.40382573168534;-6.674769702569559;2023-12-30 15:00:00;;;;;70;25;3;E;0
Darangdan;107.40382573168534;-6.674769702569559;2023-12-30 18:00:00;;;;;95;23;3;E;0
Darangdan;107.40382573168534;-6.674769702569559;2023-12-30 21:00:00;;;;;95;23;3;E;0
Darangdan;107.40382573168534;-6.674769702569559;2023-12-31 00:00:00;;;;;75;25;1;E;0
Darangdan;107.40382573168534;-6.674769702569559;2023-12-31 03:00:00;;;;;75;30;3;E;20
Darangdan;107.40382573168534;-6.674769702569559;2023-12-31 06:00:00;;;;;65;35;63;E;30
Darangdan;107.40382573168534;-6.674769702569559;2023-12-31 09:00:00;;;;;80;30;63;E;20
Darangdan;107.40382573168534;-6.674769702569559;2023-12-31 12:00:00;23.0;35.0;65.0;95.0;80;25;61;E;0
Darangdan;107.40382573168534;-6.674769702569559;2023-12-31 15:00:00;;;;;95;26;61;E;0
Darangdan;107.40382573168534;-6.674769702569559;2023-12-31 18:00:00;;;;;95;24;61;E;0
Darangdan;107.40382573168534;-6.674769702569559;2023-12-31 21:00:00;;;;;95;23;3;E;0
Darangdan;107.40382573168534;-6.674769702569559;2024-01-01 00:00:00;;;;;75;26;1;E;0
Darangdan;107.40382573168534;-6.674769702569559;2024-01-01 03:00:00;;;;;70;30;60;E;10
Darangdan;107.40382573168534;-6.674769702569559;2024-01-01 06:00:00;;;;;55;35;95;E;30
Darangdan;107.40382573168534;-6.674769702569559;2024-01-01 09:00:00;;;;;60;28;61;E;0
Darangdan;107.40382573168534;-6.674769702569559;2024-01-01 12:00:00;23.0;35.0;55.0;95.0;90;27;61;E;0
Darangdan;107.40382573168534;-6.674769702569559;2024-01-01 15:00:00;;;;;95;26;3;E;0
Darangdan;107.40382573168534;-6.674769702569559;2024-01-01 18:00:00;;;;;95;24;3;E;0
Darangdan;107.40382573168534;-6.674769702569559;2024-01-01 21:00:00;;;;;95;23;3;E;0
Darangdan;107.40382573168534;-6.674769702569559;2024-01-02 00:00:00;;;;;80;24;1;E;0
Darangdan;107.40382573168534;-6.674769702569559;2024-01-02 06:00:00;;;;;75;30;63;E;30
Darangdan;107.40382573168534;-6.674769702569559;2024-01-02 12:00:00;23.0;30.0;75.0;95.0;90;24;3;E;0
Darangdan;107.40382573168534;-6.674769702569559;2024-01-02 18:00:00;;;;;95;23;3;E;0
Darangdan;107.40382573168534;-6.674769702569559;2024-01-03 00:00:00;;;;;80;23;1;E;0
Darangdan;107.40382573168534;-6.674769702569559;2024-01-03 06:00:00;;;;;75;30;63;E;30
Darangdan;107.40382573168534;-6.674769702569559;2024-01-03 12:00:00;23.0;30.0;75.0;95.0;90;24;3;E;0
Darangdan;107.40382573168534;-6.674769702569559;2024-01-03 18:00:00;;;;;95;24;3;E;0
Darangdan;107.40382573168534;-6.674769702569559;2024-01-04 00:00:00;;;;;85;24;1;E;0
Darangdan;107.40382573168534;-6.674769702569559;2024-01-04 06:00:00;;;;;75;31;63;E;30
Darangdan;107.40382573168534;-6.674769702569559;2024-01-04 12:00:00;22.0;31.0;75.0;95.0;95;24;3;E;0
Darangdan;107.40382573168534;-6.674769702569559;2024-01-04 18:00:00;;;;;95;22;3;E;0
Darangdan;107.40382573168534;-6.674769702569559;2024-01-05 00:00:00;;;;;85;22;1;E;0
Darangdan;107.40382573168534;-6.674769702569559;2024-01-05 06:00:00;;;;;90;30;63;E;20
Darangdan;107.40382573168534;-6.674769702569559;2024-01-05 12:00:00;22.0;30.0;85.0;95.0;90;23;3;E;0
Darangdan;107.40382573168534;-6.674769702569559;2024-01-05 18:00:00;;;;;95;22;3;E;0
Padalarang;107.45440815598592;-6.80378811837799;2023-12-30 00:00:00;;;;;80;22;1;E;10
Padalarang;107.45440815598592;-6.80378811837799;2023-12-30 03:00:00;;;;;75;28;95;E;10
Padalarang;107.45440815598592;-6.80378811837799;2023-12-30 06:00:00;;;;;75;30;95;E;30
Padalarang;107.45440815598592;-6.80378811837799;2023-12-30 09:00:00;;;;;80;25;95;E;20
Padalarang;107.45440815598592;-6.80378811837799;2023-12-30 12:00:00;20.0;30.0;75.0;95.0;85;23;61;E;10
Padalarang;107.45440815598592;-6.80378811837799;2023-12-30 15:00:00;;;;;85;21;3;E;0
Padalarang;107.45440815598592;-6.80378811837799;2023-12-30 18:00:00;;;;;95;20;3;E;0
Padalarang;107.45440815598592;-6.80378811837799;2023-12-30 21:00:00;;;;;95;20;3;E;0
Padalarang;107.45440815598592;-6.80378811837799;2023-12-31 00:00:00;;;;;90;22;1;E;0
Padalarang;107.45440815598592;-6.80378811837799;2023-12-31 03:00:00;;;;;80;29;3;E;20
Padalarang;107.45440815598592;-6.80378811837799;2023-12-31 06:00:00;;;;;75;31;95;E;30
Padalarang;107.45440815598592;-6.80378811837799;2023-12-31 09:00:00;;;;;85;27;95;E;20
Padalarang;107.45440815598592;-6.80378811837799;2023-12-31 12:00:00;20.0;31.0;75.0;95.0;85;23;60;E;0
Padalarang;107.45440815598592;-6.80378811837799;2023-12-31 15:00:00;;;;;95;20;61;E;0
Padalarang;107.45440815598592;-6.80378811837799;2023-12-31 18:00:00;;;;;95;21;3;E;0
Padalarang;107.45440815598592;-6.80378811837799;2023-12-31 21:00:00;;;;;95;20;3;E;0
Padalarang;107.45440815598592;-6.80378811837799;2024-01-01 00:00:00;;;;;80;25;1;E;0
Padalarang;107.45440815598592;-6.80378811837799;2024-01-01 03:00:00;;;;;80;27;61;E;10
Padalarang;107.45440815598592;-6.80378811837799;2024-01-01 06:00:00;;;;;55;28;63;E;30
Padalarang;107.45440815598592;-6.80378811837799;2024-01-01 09:00:00;;;;;80;26;61;E;0
Padalarang;107.45440815598592;-6.80378811837799;2024-01-01 12:00:00;18.0;28.0;55.0;95.0;95;23;61;E;0
Padalarang;107.45440815598592;-6.80378811837799;2024-01-01 15:00:00;;;;;95;18;3;E;0
Padalarang;107.45440815598592;-6.80378811837799;2024-01-01 18:00:00;;;;;95;18;3;E;0
Padalarang;107.45440815598592;-6.80378811837799;2024-01-01 21:00:00;;;;;95;18;3;E;0
Padalarang;107.45440815598592;-6.80378811837799;2024-01-02 00:00:00;;;;;80;24;1;E;0
Padalarang;107.45440815598592;-6.80378811837799;2024-01-02 06:00:00;;;;;75;30;63;E;30
Padalarang;107.45440815598592;-6.80378811837799;2024-01-02 12:00:00;23.0;30.0;75.0;95.0;90;24;3;E;0
Padalarang;107.45440815598592;-6.80378811837799;2024-01-02 18:00:00;;;;;95;23;3;E;0
Padalarang;107.45440815598592;-6.80378811837799;2024-01-03 00:00:00;;;;;80;23;1;E;0
Padalarang;107.45440815598592;-6.80378811837799;2024-01-03 06:00:00;;;;;75;30;63;E;30
Padalarang;107.45440815598592;-6.80378811837799;2024-01-03 12:00:00;23.0;30.0;75.0;95.0;90;24;3;E;0
Padalarang;107.45440815598592;-6.80378811837799;2024-01-03 18:00:00;;;;;95;24;3;E;0
Padalarang;107.45440815598592;-6.80378811837799;2024-01-04 00:00:00;;;;;85;24;1;E;0
Padalarang;107.45440815598592;-6.80378811837799;2024-01-04 06:00:00;;;;;75;31;63;E;30
Padalarang;107.45440815598592;-6.80378811837799;2024-01-04 12:00:00;22.0;31.0;75.0;95.0;95;24;3;E;0
Padalarang;107.45440815598592;-6.80378811837799;2024-01-04 18:00:00;;;;;95;22;3;E;0
Padalarang;107.45440815598592;-6.80378811837799;2024-01-05 00:00:00;;;;;85;22;1;E;0
Padalarang;107.45440815598592;-6.80378811837799;2024-01-05 06:00:00;;;;;90;30;63;E;20
Padalarang;107.45440815598592;-6.80378811837799;2024-01-05 12:00:00;22.0;30.0;85.0;95.0;90;23;3;E;0
Padalarang;107.45440815598592;-6.80378811837799;2024-01-05 18:00:00;;;;;95;22;3;E;0
Bekasi Selatan;106.99006546825365;-6.2533335822765554;2023-12-30 00:00:00;;;;;80;25;1;E;10
Bekasi Selatan;106.99006546825365;-6.2533335822765554;2023-12-30 03:00:00;;;;;70;30;61;E;10
Bekasi Selatan;106.99006546825365;-6.2533335822765554;2023-12-30 06:00:00;;;;;75;33;95;E;30
Bekasi Selatan;106.99006546825365;-6.2533335822765554;2023-12-30 09:00:00;;;;;75;27;95;E;20
Bekasi Selatan;106.99006546825365;-6.2533335822765554;2023-12-30 12:00:00;21.0;33.0;70.0;95.0;80;25;61;E;10
Bekasi Selatan;106.99006546825365;-6.2533335822765554;2023-12-30 15:00:00;;;;;70;24;3;E;0
Bekasi Selatan;106.99006546825365;-6.2533335822765554;2023-12-30 18:00:00;;;;;95;21;3;E;0
Bekasi Selatan;106.99006546825365;-6.2533335822765554;2023-12-30 21:00:00;;;;;95;23;60;E;0
Bekasi Selatan;106.99006546825365;-6.2533335822765554;2023-12-31 00:00:00;;;;;75;25;1;E;0
Bekasi Selatan;106.99006546825365;-6.2533335822765554;2023-12-31 03:00:00;;;;;75;30;3;E;20
Bekasi Selatan;106.99006546825365;-6.2533335822765554;2023-12-31 06:00:00;;;;;65;33;61;E;30
Bekasi Selatan;106.99006546825365;-6.2533335822765554;2023-12-31 09:00:00;;;;;80;30;61;E;20
Bekasi Selatan;106.99006546825365;-6.2533335822765554;2023-12-31 12:00:00;24.0;33.0;65.0;95.0;80;25;61;E;0
Bekasi Selatan;106.99006546825365;-6.2533335822765554;2023-12-31 15:00:00;;;;;95;26;61;E;0
Bekasi Selatan;106.99006546825365;-6.2533335822765554;2023-12-31 18:00:00;;;;;95;24;3;E;0
Bekasi Selatan;106.99006546825365;-6.2533335822765554;2023-12-31 21:00:00;;;;;95;24;3;E;0
Bekasi Selatan;106.99006546825365;-6.2533335822765554;2024-01-01 00:00:00;;;;;80;26;1;E;0
Bekasi Selatan;106.99006546825365;-6.2533335822765554;2024-01-01 03:00:00;;;;;70;30;60;E;10
Bekasi Selatan;106.99006546825365;-6.2533335822765554;2024-01-01 06:00:00;;;;;55;35;60;E;30
Bekasi Selatan;106.99006546825365;-6.2533335822765554;2024-01-01 09:00:00;;;;;60;28;61;E;0
Bekasi Selatan;106.99006546825365;-6.2533335822765554;2024-01-01 12:00:00;21.0;35.0;55.0;95.0;90;27;61;E;0
Bekasi Selatan;106.99006546825365;-6.2533335822765554;2024-01-01 15:00:00;;;;;95;24;3;E;0
Bekasi Selatan;106.99006546825365;-6.2533335822765554;2024-01-01 18:00:00;;;;;95;22;3;E;0
Bekasi Selatan;106.99006546825365;-6.2533335822765554;2024-01-01 21:00:00;;;;;95;21;3;E;0
Bekasi Selatan;106.99006546825365;-6.2533335822765554;2024-01-02 00:00:00;;;;;80;24;1;E;0
Bekasi Selatan;106.99006546825365;-6.2533335822765554;2024-01-02 06:00:00;;;;;75;30;63;E;30
Bekasi Selatan;106.99006546825365;-6.2533335822765554;2024-01-02 12:00:00;23.0;30.0;75.0;95.0;90;24;3;E;0
Bekasi Selatan;106.99006546825365;-6.2533335822765554;2024-01-02 18:00:00;;;;;95;23;3;E;0
Bekasi Selatan;106.99006546825365;-6.2533335822765554;2024-01-03 00:00:00;;;;;80;23;1;E;0
Bekasi Selatan;106.99006546825365;-6.2533335822765554;2024-01-03 06:00:00;;;;;75;30;63;E;30
Bekasi Selatan;106.99006546825365;-6.2533335822765554;2024-01-03 12:00:00;23.0;30.0;75.0;95.0;90;24;3;E;0
Bekasi Selatan;106.99006546825365;-6.2533335822765554;2024-01-03 18:00:00;;;;;95;24;3;E;0
Bekasi Selatan;106.99006546825365;-6.2533335822765554;2024-01-04 00:00:00;;;;;85;24;1;E;0
Bekasi Selatan;106.99006546825365;-6.2533335822765554;2024-01-04 06:00:00;;;;;75;31;63;E;30
Bekasi Selatan;106.99006546825365;-6.2533335822765554;2024-01-04 12:00:00;22.0;31.0;75.0;95.0;95;24;3;E;0
Bekasi Selatan;106.99006546825365;-6.2533335822765554;2024-01-04 18:00:00;;;;;95;22;3;E;0
Bekasi Selatan;106.99006546825365;-6.2533335822765554;2024-01-05 00:00:00;;;;;85;22;1;E;0
Bekasi Selatan;106.99006546825365;-6.2533335822765554;2024-01-05 06:00:00;;;;;90;30;63;E;20
Bekasi Selatan;106.99006546825365;-6.2533335822765554;2024-01-05 12:00:00;22.0;30.0;85.0;95.0;90;23;3;E;0
Bekasi Selatan;106.99006546825365;-6.2533335822765554;2024-01-05 18:00:00;;;;;95;22;3;E;0
Stasiun Halim;106.88424333422508;-6.245634562509662;2023-12-30 00:00:00;;;;;100;24;3;E;10
Stasiun Halim;106.88424333422508;-6.245634562509662;2023-12-30 03:00:00;;;;;75;30;3;E;10
Stasiun Halim;106.88424333422508;-6.245634562509662;2023-12-30 06:00:00;;;;;85;28;61;N;10
Stasiun Halim;106.88424333422508;-6.245634562509662;2023-12-30 09:00:00;;;;;85;28;60;N;0
Stasiun Halim;106.88424333422508;-6.245634562509662;2023-12-30 12:00:00;24.0;30.0;75.0;100.0;90;26;60;SE;10
Stasiun Halim;106.88424333422508;-6.245634562509662;2023-12-30 15:00:00;;;;;90;25;4;E;10
Stasiun Halim;106.88424333422508;-6.245634562509662;2023-12-30 18:00:00;;;;;95;25;4;SE;0
Stasiun Halim;106.88424333422508;-6.245634562509662;2023-12-30 21:00:00;;;;;95;24;3;S;0
Stasiun Halim;106.88424333422508;-6.245634562509662;2023-12-31 00:00:00;;;;;100;25;3;SW;0
Stasiun Halim;106.88424333422508;-6.245634562509662;2023-12-31 03:00:00;;;;;80;29;95;N;0
Stasiun Halim;106.88424333422508;-6.245634562509662;2023-12-31 06:00:00;;;;;85;28;95;N;0
Stasiun Halim;106.88424333422508;-6.245634562509662;2023-12-31 09:00:00;;;;;80;29;60;NE;0
Stasiun Halim;106.88424333422508;-6.245634562509662;2023-12-31 12:00:00;23.0;29.0;80.0;100.0;95;26;60;SE;0
Stasiun Halim;106.88424333422508;-6.245634562509662;2023-12-31 15:00:00;;;;;95;24;60;SE;0
Stasiun Halim;106.88424333422508;-6.245634562509662;2023-12-31 18:00:00;;;;;100;24;3;SE;0
Stasiun Halim;106.88424333422508;-6.245634562509662;2023-12-31 21:00:00;;;;;95;23;3;SE;0
Stasiun Halim;106.88424333422508;-6.245634562509662;2024-01-01 00:00:00;;;;;95;25;3;SE;0
Stasiun Halim;106.88424333422508;-6.245634562509662;2024-01-01 03:00:00;;;;;75;30;1;N;0
Stasiun Halim;106.88424333422508;-6.245634562509662;2024-01-01 06:00:00;;;;;70;32;60;N;0
Stasiun Halim;106.88424333422508;-6.245634562509662;2024-01-01 09:00:00;;;;;80;29;3;W;0
Stasiun Halim;106.88424333422508;-6.245634562509662;2024-01-01 12:00:00;24.0;32.0;70.0;95.0;90;26;4;E;0
Stasiun Halim;106.88424333422508;-6.245634562509662;2024-01-01 15:00:00;;;;;95;25;3;SE;0
Stasiun Halim;106.88424333422508;-6.245634562509662;2024-01-01 18:00:00;;;;;95;24;4;S;0
Stasiun Halim;106.88424333422508;-6.245634562509662;2024-01-01 21:00:00;;;;;95;24;3;SW;0
Stasiun Halim;106.88424333422508;-6.245634562509662;2024-01-02 00:00:00;;;;;90;26;60;S;0
Stasiun Halim;106.88424333422508;-6.245634562509662;2024-01-02 06:00:00;;;;;80;29;1;N;0
Stasiun Halim;106.88424333422508;-6.245634562509662;2024-01-02 12:00:00;24.0;29.0;80.0;95.0;90;26;60;SW;0
Stasiun Halim;106.88424333422508;-6.245634562509662;2024-01-02 18:00:00;;;;;95;24;60;SE;0
Stasiun Halim;106.88424333422508;-6.245634562509662;2024-01-03 00:00:00;;;;;95;25;3;SW;0
Stasiun Halim;106.88424333422508;-6.245634562509662;2024-01-03 06:00:00;;;;;80;30;1;NW;10
Stasiun Halim;106.88424333422508;-6.245634562509662;2024-01-03 12:00:00;24.0;30.0;80.0;95.0;90;26;60;NE;0
Stasiun Halim;106.88424333422508;-6.245634562509662;2024-01-03 18:00:00;;;;;95;24;60;N;0
Stasiun Halim;106.88424333422508;-6.245634562509662;2024-01-04 00:00:00;;;;;95;25;45;S;0
Stasiun Halim;106.88424333422508;-6.245634562509662;2024-01-04 06:00:00;;;;;75;30;1;NW;10
Stasiun Halim;106.88424333422508;-6.245634562509662;2024-01-04 12:00:00;24.0;30.0;75.0;95.0;90;26;1;E;0
Stasiun Halim;106.88424333422508;-6.245634562509662;2024-01-04 18:00:00;;;;;95;24;3;SE;0
Stasiun Halim;106.88424333422508;-6.245634562509662;2024-01-05 00:00:00;;;;;100;24;60;N;0
Stasiun Halim;106.88424333422508;-6.245634562509662;2024-01-05 06:00:00;;;;;75;31;3;W;0
Stasiun Halim;106.88424333422508;-6.245634562509662;2024-01-05 12:00:00;24.0;31.0;75.0;100.0;90;26;3;N;0
Stasiun Halim;106.88424333422508;-6.245634562509662;2024-01-05 18:00:00;;;;;100;24;3;N;0
Stasiun Karawang;107.2194301976805;-6.364950825654365;2023-12-30 00:00:00;;;;;75;26;1;E;10
Stasiun Karawang;107.2194301976805;-6.364950825654365;2023-12-30 03:00:00;;;;;70;30;61;E;10
Stasiun Karawang;107.2194301976805;-6.364950825654365;2023-12-30 06:00:00;;;;;70;33;61;E;30
Stasiun Karawang;107.2194301976805;-6.364950825654365;2023-12-30 09:00:00;;;;;75;27;61;E;20
Stasiun Karawang;107.2194301976805;-6.364950825654365;2023-12-30 12:00:00;22.0;33.0;70.0;95.0;75;25;60;E;10
Stasiun Karawang;107.2194301976805;-6.364950825654365;2023-12-30 15:00:00;;;;;70;24;60;E;0
Stasiun Karawang;107.2194301976805;-6.364950825654365;2023-12-30 18:00:00;;;;;95;25;3;E;0
Stasiun Karawang;107.2194301976805;-6.364950825654365;2023-12-30 21:00:00;;;;;95;22;60;E;0
Stasiun Karawang;107.2194301976805;-6.364950825654365;2023-12-31 00:00:00;;;;;75;26;1;E;0
Stasiun Karawang;107.2194301976805;-6.364950825654365;2023-12-31 03:00:00;;;;;75;30;3;E;20
Stasiun Karawang;107.2194301976805;-6.364950825654365;2023-12-31 06:00:00;;;;;65;35;61;E;30
Stasiun Karawang;107.2194301976805;-6.364950825654365;2023-12-31 09:00:00;;;;;80;30;61;E;20
Stasiun Karawang;107.2194301976805;-6.364950825654365;2023-12-31 12:00:00;22.0;35.0;65.0;95.0;80;24;61;E;0
Stasiun Karawang;107.2194301976805;-6.364950825654365;2023-12-31 15:00:00;;;;;95;22;61;E;0
Stasiun Karawang;107.2194301976805;-6.364950825654365;2023-12-31 18:00:00;;;;;95;24;3;E;0
Stasiun Karawang;107.2194301976805;-6.364950825654365;2023-12-31 21:00:00;;;;;95;24;3;E;0
Stasiun Karawang;107.2194301976805;-6.364950825654365;2024-01-01 00:00:00;;;;;75;25;1;E;0
Stasiun Karawang;107.2194301976805;-6.364950825654365;2024-01-01 03:00:00;;;;;70;30;60;E;10
Stasiun Karawang;107.2194301976805;-6.364950825654365;2024-01-01 06:00:00;;;;;55;35;63;E;30
Stasiun Karawang;107.2194301976805;-6.364950825654365;2024-01-01 09:00:00;;;;;60;29;61;E;0
Stasiun Karawang;107.2194301976805;-6.364950825654365;2024-01-01 12:00:00;21.0;35.0;55.0;95.0;90;27;61;E;0
Stasiun Karawang;107.2194301976805;-6.364950825654365;2024-01-01 15:00:00;;;;;95;24;3;E;0
Stasiun Karawang;107.2194301976805;-6.364950825654365;2024-01-01 18:00:00;;;;;95;24;3;E;0
Stasiun Karawang;107.2194301976805;-6.364950825654365;2024-01-01 21:00:00;;;;;95;21;3;E;0
Stasiun Karawang;107.2194301976805;-6.364950825654365;2024-01-02 00:00:00;;;;;80;24;1;E;0
Stasiun Karawang;107.2194301976805;-6.364950825654365;2024-01-02 06:00:00;;;;;75;30;63;E;30
Stasiun Karawang;107.2194301976805;-6.364950825654365;2024-01-02 12:00:00;23.0;30.0;75.0;95.0;90;24;3;E;0
Stasiun Karawang;107.2194301976805;-6.364950825654365;2024-01-02 18:00:00;;;;;95;23;3;E;0
Stasiun Karawang;107.2194301976805;-6.364950825654365;2024-01-03 00:00:00;;;;;80;23;1;E;0
Stasiun Karawang;107.2194301976805;-6.364950825654365;2024-01-03 06:00:00;;;;;75;30;63;E;30
Stasiun Karawang;107.2194301976805;-6.364950825654365;2024-01-03 12:00:00;23.0;30.0;75.0;95.0;90;24;3;E;0
Stasiun Karawang;107.2194301976805;-6.364950825654365;2024-01-03 18:00:00;;;;;95;24;3;E;0
Stasiun Karawang;107.2194301976805;-6.364950825654365;2024-01-04 00:00:00;;;;;85;24;1;E;0
Stasiun Karawang;107.2194301976805;-6.364950825654365;2024-01-04 06:00:00;;;;;75;31;63;E;30
Stasiun Karawang;107.2194301976805;-6.364950825654365;2024-01-04 12:00:00;22.0;31.0;75.0;95.0;95;24;3;E;0
Stasiun Karawang;107.2194301976805;-6.364950825654365;2024-01-04 18:00:00;;;;;95;22;3;E;0
Stasiun Karawang;107.2194301976805;-6.364950825654365;2024-01-05 00:00:00;;;;;85;22;1;E;0
Stasiun Karawang;107.2194301976805;-6.364950825654365;2024-01-05 06:00:00;;;;;90;30;63;E;20
Stasiun Karawang;107.2194301976805;-6.364950825654365;2024-01-05 12:00:00;22.0;30.0;85.0;95.0;90;23;3;E;0
Stasiun Karawang;107.2194301976805;-6.364950825654365;2024-01-05 18:00:00;;;;;95;22;3;E;0
Stasiun Padalarang;107.49636720343504;-6.84199588878808;2023-12-30 00:00:00;;;;;80;22;1;E;10
Stasiun Padalarang;107.49636720343504;-6.84199588878808;2023-12-30 03:00:00;;;;;75;28;95;E;10
Stasiun Padalarang;107.49636720343504;-6.84199588878808;2023-12-30 06:00:00;;;;;75;30;95;E;30
Stasiun Padalarang;107.49636720343504;-6.84199588878808;2023-12-30 09:00:00;;;;;80;25;95;E;20
Stasiun Padalarang;107.49636720343504;-6.84199588878808;2023-12-30 12:00:00;20.0;30.0;75.0;95.0;85;23;61;E;10
Stasiun Padalarang;107.49636720343504;-6.84199588878808;2023-12-30 15:00:00;;;;;85;21;3;E;0
Stasiun Padalarang;107.49636720343504;-6.84199588878808;2023-12-30 18:00:00;;;;;95;20;3;E;0
Stasiun Padalarang;107.49636720343504;-6.84199588878808;2023-12-30 21:00:00;;;;;95;20;3;E;0
Stasiun Padalarang;107.49636720343504;-6.84199588878808;2023-12-31 00:00:00;;;;;90;22;1;E;0
Stasiun Padalarang;107.49636720343504;-6.84199588878808;2023-12-31 03:00:00;;;;;80;29;3;E;20
Stasiun Padalarang;107.49636720343504;-6.84199588878808;2023-12-31 06:00:00;;;;;75;31;95;E;30
Stasiun Padalarang;107.49636720343504;-6.84199588878808;2023-12-31 09:00:00;;;;;85;27;95;E;20
Stasiun Padalarang;107.49636720343504;-6.84199588878808;2023-12-31 12:00:00;20.0;31.0;75.0;95.0;85;23;60;E;0
Stasiun Padalarang;107.49636720343504;-6.84199588878808;2023-12-31 15:00:00;;;;;95;20;61;E;0
Stasiun Padalarang;107.49636720343504;-6.84199588878808;2023-12-31 18:00:00;;;;;95;21;3;E;0
Stasiun Padalarang;107.49636720343504;-6.84199588878808;2023-12-31 21:00:00;;;;;95;20;3;E;0
Stasiun Padalarang;107.49636720343504;-6.84199588878808;2024-01-01 00:00:00;;;;;80;25;1;E;0
Stasiun Padalarang;107.49636720343504;-6.84199588878808;2024-01-01 03:00:00;;;;;80;27;61;E;10
Stasiun Padalarang;107.49636720343504;-6.84199588878808;2024-01-01 06:00:00;;;;;55;28;63;E;30
Stasiun Padalarang;107.49636720343504;-6.84199588878808;2024-01-01 09:00:00;;;;;80;26;61;E;0
Stasiun Padalarang;107.49636720343504;-6.84199588878808;2024-01-01 12:00:00;18.0;28.0;55.0;95.0;95;23;61;E;0
Stasiun Padalarang;107.49636720343504;-6.84199588878808;2024-01-01 15:00:00;;;;;95;18;3;E;0
Stasiun Padalarang;107.49636720343504;-6.84199588878808;2024-01-01 18:00:00;;;;;95;18;3;E;0
Stasiun Padalarang;107.49636720343504;-6.84199588878808;2024-01-01 21:00:00;;;;;95;18;3;E;0
Stasiun Padalarang;107.49636720343504;-6.84199588878808;2024-01-02 00:00:00;;;;;80;24;1;E;0
Stasiun Padalarang;107.49636720343504;-6.84199588878808;2024-01-02 06:00:00;;;;;75;30;63;E;30
Stasiun Padalarang;107.49636720343504;-6.84199588878808;2024-01-02 12:00:00;23.0;30.0;75.0;95.0;90;24;3;E;0
Stasiun Padalarang;107.49636720343504;-6.84199588878808;2024-01-02 18:00:00;;;;;95;23;3;E;0
Stasiun Padalarang;107.49636720343504;-6.84199588878808;2024-01-03 00:00:00;;;;;80;23;1;E;0
Stasiun Padalarang;107.49636720343504;-6.84199588878808;2024-01-03 06:00:00;;;;;75;30;63;E;30
Stasiun Padalarang;107.49636720343504;-6.84199588878808;2024-01-03 12:00:00;23.0;30.0;75.0;95.0;90;24;3;E;0
Stasiun Padalarang;107.49636720343504;-6.84199588878808;2024-01-03 18:00:00;;;;;95;24;3;E;0
Stasiun Padalarang;107.49636720343504;-6.84199588878808;2024-01-04 00:00:00;;;;;85;24;1;E;0
Stasiun Padalarang;107.49636720343504;-6.84199588878808;2024-01-04 06:00:00;;;;;75;31;63;E;30
Stasiun Padalarang;107.49636720343504;-6.84199588878808;2024-01-04 12:00:00;22.0;31.0;75.0;95.0;95;24;3;E;0
Stasiun Padalarang;107.49636720343504;-6.84199588878808;2024-01-04 18:00:00;;;;;95;22;3;E;0
Stasiun Padalarang;107.49636720343504;-6.84199588878808;2024-01-05 00:00:00;;;;;85;22;1;E;0
Stasiun Padalarang;107.49636720343504;-6.84199588878808;2024-01-05 06:00:00;;;;;90;30;63;E;20
Stasiun Padalarang;107.49636720343504;-6.84199588878808;2024-01-05 12:00:00;22.0;30.0;85.0;95.0;90;23;3;E;0
Stasiun Padalarang;107.49636720343504;-6.84199588878808;2024-01-05 18:00:00;;;;;95;22;3;E;0
Stasiun Tegalluar;107.71545399902575;-6.964283151191192;2023-12-30 00:00:00;;;;;80;22;1;E;10
Stasiun Tegalluar;107.71545399902575;-6.964283151191192;2023-12-30 03:00:00;;;;;75;28;95;E;10
Stasiun Tegalluar;107.71545399902575;-6.964283151191192;2023-12-30 06:00:00;;;;;75;30;95;E;30
Stasiun Tegalluar;107.71545399902575;-6.964283151191192;2023-12-30 09:00:00;;;;;80;25;61;E;20
Stasiun Tegalluar;107.71545399902575;-6.964283151191192;2023-12-30 12:00:00;20.0;30.0;75.0;95.0;85;23;61;E;10
Stasiun Tegalluar;107.71545399902575;-6.964283151191192;2023-12-30 15:00:00;;;;;85;21;3;E;0
Stasiun Tegalluar;107.71545399902575;-6.964283151191192;2023-12-30 18:00:00;;;;;95;20;3;E;0
Stasiun Tegalluar;107.71545399902575;-6.964283151191192;2023-12-30 21:00:00;;;;;95;20;3;E;0
Stasiun Tegalluar;107.71545399902575;-6.964283151191192;2023-12-31 00:00:00;;;;;90;23;1;E;0
Stasiun Tegalluar;107.71545399902575;-6.964283151191192;2023-12-31 03:00:00;;;;;80;29;3;E;20
Stasiun Tegalluar;107.71545399902575;-6.964283151191192;2023-12-31 06:00:00;;;;;75;33;95;E;30
Stasiun Tegalluar;107.71545399902575;-6.964283151191192;2023-12-31 09:00:00;;;;;85;27;95;E;20
Stasiun Tegalluar;107.71545399902575;-6.964283151191192;2023-12-31 12:00:00;20.0;33.0;75.0;95.0;85;23;60;E;0
Stasiun Tegalluar;107.71545399902575;-6.964283151191192;2023-12-31 15:00:00;;;;;95;20;61;E;0
Stasiun Tegalluar;107.71545399902575;-6.964283151191192;2023-12-31 18:00:00;;;;;95;21;3;E;0
Stasiun Tegalluar;107.71545399902575;-6.964283151191192;2023-12-31 21:00:00;;;;;95;20;3;E;0
Stasiun Tegalluar;107.71545399902575;-6.964283151191192;2024-01-01 00:00:00;;;;;80;25;1;E;0
Stasiun Tegalluar;107.71545399902575;-6.964283151191192;2024-01-01 03:00:00;;;;;80;27;61;E;10
Stasiun Tegalluar;107.71545399902575;-6.964283151191192;2024-01-01 06:00:00;;;;;55;29;63;E;30
Stasiun Tegalluar;107.71545399902575;-6.964283151191192;2024-01-01 09:00:00;;;;;80;26;61;E;0
Stasiun Tegalluar;107.71545399902575;-6.964283151191192;2024-01-01 12:00:00;18.0;29.0;55.0;95.0;95;23;61;E;0
Stasiun Tegalluar;107.71545399902575;-6.964283151191192;2024-01-01 15:00:00;;;;;95;18;3;E;0
Stasiun Tegalluar;107.71545399902575;-6.964283151191192;2024-01-01 18:00:00;;;;;95;18;3;E;0
Stasiun Tegalluar;107.71545399902575;-6.964283151191192;2024-01-01 21:00:00;;;;;95;19;3;E;0
Stasiun Tegalluar;107.71545399902575;-6.964283151191192;2024-01-02 00:00:00;;;;;80;24;1;E;0
Stasiun Tegalluar;107.71545399902575;-6.964283151191192;2024-01-02 06:00:00;;;;;75;30;63;E;30
Stasiun Tegalluar;107.71545399902575;-6.964283151191192;2024-01-02 12:00:00;23.0;30.0;75.0;95.0;90;24;3;E;0
Stasiun Tegalluar;107.71545399902575;-6.964283151191192;2024-01-02 18:00:00;;;;;95;23;3;E;0
Stasiun Tegalluar;107.71545399902575;-6.964283151191192;2024-01-03 00:00:00;;;;;80;23;1;E;0
Stasiun Tegalluar;107.71545399902575;-6.964283151191192;2024-01-03 06:00:00;;;;;75;30;63;E;30
Stasiun Tegalluar;107.71545399902575;-6.964283151191192;2024-01-03 12:00:00;23.0;30.0;75.0;95.0;90;24;3;E;0
Stasiun Tegalluar;107.71545399902575;-6.964283151191192;2024-01-03 18:00:00;;;;;95;24;3;E;0
Stasiun Tegalluar;107.71545399902575;-6.964283151191192;2024-01-04 00:00:00;;;;;85;24;1;E;0
Stasiun Tegalluar;107.71545399902575;-6.964283151191192;2024-01-04 06:00:00;;;;;75;31;63;E;30
Stasiun Tegalluar;107.71545399902575;-6.964283151191192;2024-01-04 12:00:00;22.0;31.0;75.0;95.0;95;24;3;E;0
Stasiun Tegalluar;107.71545399902575;-6.964283151191192;2024-01-04 18:00:00;;;;;95;22;3;E;0
Stasiun Tegalluar;107.71545399902575;-6.964283151191192;2024-01-05 00:00:00;;;;;85;22;1;E;0
Stasiun Tegalluar;107.71545399902575;-6.964283151191192;2024-01-05 06:00:00;;;;;90;30;63;E;20
Stasiun Tegalluar;107.71545399902575;-6.964283151191192;2024-01-05 12:00:00;22.0;30.0;85.0;95.0;90;23;3;E;0
Stasiun Tegalluar;107.71545399902575;-6.964283151191192;2024-01-05 18:00:00;;;;;95;22;3;E;0
